Workbook

Sheet راهنما
A1: راهنمای استفاده از فایل
A2: این نسخه نهایی، تمام شیت‌های برنامه‌ریزی، تقویم، داشبورد، بریف، لینک‌سازی، کنترل کیفیت، پرامپت و تصاویر را با ۱۰ موضوع فارسی هماهنگ می‌کند.
A4: ۱. داده واقعی وارد کنید | B4: در «نقشه کیورد»، حجم جست‌وجو، سختی، رتبه، کلیک و ایمپرشن را فقط از Google Search Console، Keyword Planner یا ابزار معتبر وارد کنید.
A5: ۲. اولویت را تعیین کنید | B5: ابتدا موضوعات با نیت تجاری، ارتباط مستقیم با محصول و شکاف محتوایی واقعی را انتخاب کنید. داشبورد وضعیت را خلاصه می‌کند.
A6: ۳. بریف بسازید | B6: در «بریف مقاله» شناسه‌ای مثل EC-006 را انتخاب کنید؛ عنوان، کیورد، متا، ساختار و لینک‌ها خودکار نمایش داده می‌شوند. خانه‌های زرد را تیم فنی/سئو تکمیل کند.
A7: ۴. پرامپت را استفاده کنید | B7: پرامپت اختصاصی را با داده‌های بریف کامل کنید. در موضوعات فنی، کاتالوگ و تأیید تیم محصول باید بر متن AI مقدم باشد.
A8: ۵. کنترل کیفیت | B8: قبل از انتشار تمام موارد وزن ۵ در چک‌لیست باید تأیید شوند. سپس نگارش، موبایل، لینک‌ها و متادیتا بررسی شود.
A9: ۶. لینک‌سازی | B9: هر مقاله به صفحه Pillar مرتبط و دو مقاله هم‌خوشه لینک بدهد. انکر را طبیعی و متنوع انتخاب کنید.
A10: ۷. پس از انتشار | B10: لینک انتشار، وضعیت، درصد پیشرفت و تاریخ به‌روزرسانی را ثبت کنید؛ پس از ۲۸ تا ۴۲ روز داده GSC را بررسی و محتوا را بهبود دهید.
A11: منبع کیوردها و قاعده URL | B11: ۱۰ seed فایل seo_keywords.txt وارد شده‌اند. URL فارسی کوتاه و پایدار است؛ اجزای اصلی با خط فاصله می‌آیند و کلمات کم‌ارزش حذف می‌شوند. Volume/KD فقط با داده واقعی تکمیل شود.

Sheet _lists
A1: ایده | B1: خیلی بالا | C1: اطلاعاتی | D1: آگاهی | E1: بله | F1: تأیید | G1: راهنمای جامع
A2: در انتظار بریف | B2: بالا | C2: تجاری | D2: بررسی | E2: خیر | F2: نیازمند اصلاح | G2: راهنمای فنی
A3: آماده نگارش | B3: متوسط | C3: خرید | D3: تصمیم | E3: نامشخص | F3: بررسی نشده | G3: آموزش فنی
A4: در حال نگارش | B4: پایین | C4: پشتیبانی | D4: پس از خرید | F4: نامرتبط | G4: راهنمای خرید
A5: در حال ویرایش | C5: برند/خرید | G5: راهنمای نرم‌افزار
A6: آماده انتشار | C6: اطلاعاتی/تجاری | G6: کاربرد صنعتی
A7: زمان‌بندی‌شده
A8: منتشرشده
A9: نیازمند به‌روزرسانی

Sheet مسیر عملیاتی
A1: مرحله | B1: مسئول | C1: ورودی | D1: اقدام دقیق | E1: معیار پذیرش | F1: محل ثبت
A2: ۱. انتخاب موضوع | B2: مدیر محتوا | C2: نقشه کیورد | D2: موضوع با نیت روشن انتخاب و هم‌پوشانی با صفحات قبلی بررسی شود. | E2: یک ID و keyword اصلی | F2: نقشه کیورد
A3: ۲. تثبیت URL | B3: سئو | C3: عنوان و keyword | D3: هسته موضوع حفظ و واژه‌های کم‌ارزش حذف؛ کلمات با خط فاصله جدا شوند. | E3: URL یکتا، کوتاه و بدون تاریخ | F3: تقویم محتوا
A4: ۳. نگارش Word | B4: نویسنده | C4: بریف پوشه موضوع | D4: مقدمه پاسخ‌محور، H2ها، مثال، منبع، FAQ و CTA نوشته شود. | E4: متن کامل و بازبینی‌شده | F4: Word همان پوشه
A5: ۴. تولید تصویر | B5: طراح/AI | C5: پرامپت اکسل | D5: تصویر بدون متن/لوگو ساخته، ۶۰۰×۴۰۰ و WebP ذخیره شود. | E5: تصویر، نام و alt صحیح | F5: پوشه images
A6: ۵. ورود به CMS | B6: ناشر | C6: Word و تصویر | D6: Title، Meta، slug، بدنه، تصویر و alt وارد و preview بررسی شود. | E6: کنترل‌های SEO کامل | F6: پنل نویسنده
A7: ۶. صف انتشار | B7: مدیر محتوا | C7: Draft آماده | D7: Active Queue روشن و فاصله ۲، ۳ یا ۴ روز انتخاب شود. | E7: تاریخ آینده ثبت شده | F7: صف انتشار
A8: ۷. پس از انتشار | B8: سئو | C8: URL نهایی | D8: ۲۰۰، canonical، index، sitemap، تصویر و لینک داخلی بررسی شود. | E8: بدون redirect و قابل ایندکس | F8: کنترل کیفیت
A9: ۸. بازبینی | B9: سئو | C9: داده GSC | D9: پس از ۲۸ تا ۴۲ روز query، CTR و position ثبت و تصمیم‌گیری شود. | E9: تصمیم بهبود مستند | F9: داشبورد

Sheet داشبورد
A1: داشبورد برنامه محتوای سئو ElecIO
A2: نمای ۱۰ موضوع فارسی تأییدشده؛ وضعیت، اولویت و خوشه‌ها مستقیماً از تقویم محتوای نهایی خوانده می‌شوند.
B4: کل موضوعات | C4: =COUNTA('تقویم محتوا'!A4:A13) | E4: منتشرشده | F4: =COUNTIF('تقویم محتوا'!Z4:Z13,"منتشرشده") | H4: آماده/زمان‌بندی | I4: =COUNTIF('تقویم محتوا'!Z4:Z13,"آماده انتشار")+COUNTIF('تقویم محتوا'!Z4:Z13,"زمان‌بندی‌شده")
B7: اولویت بالا | C7: =COUNTIF('تقویم محتوا'!AA4:AA13,"بالا")+COUNTIF('تقویم محتوا'!AA4:AA13,"خیلی بالا") | E7: میانگین پیشرفت | F7: =IFERROR(AVERAGE('تقویم محتوا'!AB4:AB13),0) | H7: کیوردهای ثبت‌شده | I7: =COUNTA('نقشه کیورد'!B4:B13)
B11: وضعیت | C11: تعداد
B12: ایده | C12: =COUNTIF('تقویم محتوا'!$Z$4:$Z$13,B12)
B13: در انتظار بریف | C13: =COUNTIF('تقویم محتوا'!$Z$4:$Z$13,B13)
B14: آماده نگارش | C14: =COUNTIF('تقویم محتوا'!$Z$4:$Z$13,B14)
B15: در حال نگارش | C15: =COUNTIF('تقویم محتوا'!$Z$4:$Z$13,B15)
B16: در حال ویرایش | C16: =COUNTIF('تقویم محتوا'!$Z$4:$Z$13,B16)
B17: آماده انتشار | C17: =COUNTIF('تقویم محتوا'!$Z$4:$Z$13,B17)
B18: زمان‌بندی‌شده | C18: =COUNTIF('تقویم محتوا'!$Z$4:$Z$13,B18)
B19: منتشرشده | C19: =COUNTIF('تقویم محتوا'!$Z$4:$Z$13,B19)
B20: نیازمند به‌روزرسانی | C20: =COUNTIF('تقویم محتوا'!$Z$4:$Z$13,B20)
B23: خوشه | C23: تعداد
B24: برنامه‌نویسی CNC | C24: =COUNTIF('تقویم محتوا'!$D$4:$D$13,B24)
B25: مبانی CNC | C25: =COUNTIF('تقویم محتوا'!$D$4:$D$13,B25)
B26: فرز CNC | C26: =COUNTIF('تقویم محتوا'!$D$4:$D$13,B26)
B27: اتوماسیون صنعتی | C27: =COUNTIF('تقویم محتوا'!$D$4:$D$13,B27)
B28: کنترل صنعتی | C28: =COUNTIF('تقویم محتوا'!$D$4:$D$13,B28)
B29: تراش CNC | C29: =COUNTIF('تقویم محتوا'!$D$4:$D$13,B29)
B30: ماشین‌کاری | C30: =COUNTIF('تقویم محتوا'!$D$4:$D$13,B30)
B31: نرم‌افزار CAM | C31: =COUNTIF('تقویم محتوا'!$D$4:$D$13,B31)
B32: خرید دستگاه CNC | C32: =COUNTIF('تقویم محتوا'!$D$4:$D$13,B32)

Sheet نقشه کیورد
A1: نقشه کلمات کلیدی ElecIO
A2: فقط ۱۰ seed تأییدشده کاربر؛ داده‌های Volume، KD، Click، Impression و CTR تا ورود منبع واقعی عمداً خالی‌اند.
A3: شناسه | B3: کلمه کلیدی اصلی | C3: خوشه موضوعی | D3: کلمات مرتبط | E3: نیت جست‌وجو | F3: مرحله قیف | G3: نوع محتوای پیشنهادی | H3: صفحه هدف/پیلار | I3: اولویت | J3: منبع داده | K3: حجم جست‌وجوی ماهانه | L3: سختی کیورد | M3: رتبه فعلی | N3: رتبه هدف | O3: کلیک GSC | P3: ایمپرشن GSC | Q3: CTR | R3: ریسک هم‌نوع‌خواری | S3: شناسه محتوا | T3: آخرین بررسی | U3: یادداشت
A4: KW-001 | B4: جی کد | C4: برنامه‌نویسی CNC | D4: G-code، کدهای G و M، برنامه CNC | E4: اطلاعاتی | F4: آگاهی | G4: راهنمای جامع | H4: /fa/for/programmers | I4: خیلی بالا | J4: فهرست منتخب کاربر از جست‌وجوی دستی Google — seo_keywords.txt — بدون ادعای حجم یا سختی | N4: 10 | R4: نامشخص | S4: EC-001 | T4: 46262 | U4: Volume، KD و رتبه فقط با داده واقعی GSC/Keyword Planner تکمیل شود.
A5: KW-002 | B5: cnc دستگاه | C5: مبانی CNC | D5: دستگاه CNC، ماشین CNC، انواع CNC | E5: اطلاعاتی/تجاری | F5: بررسی | G5: راهنمای جامع | H5: /fa/product | I5: خیلی بالا | J5: فهرست منتخب کاربر از جست‌وجوی دستی Google — seo_keywords.txt — بدون ادعای حجم یا سختی | N5: 10 | R5: نامشخص | S5: EC-002 | T5: 46262 | U5: Volume، KD و رتبه فقط با داده واقعی GSC/Keyword Planner تکمیل شود.
A6: KW-003 | B6: فرز CNC | C6: فرز CNC | D6: دستگاه فرز CNC، فرز سه محور، فرز صنعتی | E6: اطلاعاتی/تجاری | F6: بررسی | G6: راهنمای فنی | H6: /fa/product | I6: خیلی بالا | J6: فهرست منتخب کاربر از جست‌وجوی دستی Google — seo_keywords.txt — بدون ادعای حجم یا سختی | N6: 10 | R6: نامشخص | S6: EC-003 | T6: 46262 | U6: Volume، KD و رتبه فقط با داده واقعی GSC/Keyword Planner تکمیل شود.
A7: KW-004 | B7: اتوماسیون صنعتی | C7: اتوماسیون صنعتی | D7: کنترل صنعتی، هوشمندسازی کارخانه، مانیتورینگ تولید | E7: اطلاعاتی/تجاری | F7: بررسی | G7: راهنمای جامع | H7: /fa/software | I7: بالا | J7: فهرست منتخب کاربر از جست‌وجوی دستی Google — seo_keywords.txt — بدون ادعای حجم یا سختی | N7: 10 | R7: نامشخص | S7: EC-004 | T7: 46262 | U7: Volume، KD و رتبه فقط با داده واقعی GSC/Keyword Planner تکمیل شود.
A8: KW-005 | B8: plc | C8: کنترل صنعتی | D8: PLC چیست، کنترل‌گر منطقی برنامه‌پذیر، برنامه نویسی PLC | E8: اطلاعاتی | F8: آگاهی | G8: آموزش فنی | H8: /fa/software | I8: بالا | J8: فهرست منتخب کاربر از جست‌وجوی دستی Google — seo_keywords.txt — بدون ادعای حجم یا سختی | N8: 10 | R8: نامشخص | S8: EC-005 | T8: 46262 | U8: Volume، KD و رتبه فقط با داده واقعی GSC/Keyword Planner تکمیل شود.
A9: KW-006 | B9: تراش cnc | C9: تراش CNC | D9: دستگاه تراش CNC، تراشکاری CNC، محور C | E9: اطلاعاتی/تجاری | F9: بررسی | G9: راهنمای فنی | H9: /fa/product | I9: خیلی بالا | J9: فهرست منتخب کاربر از جست‌وجوی دستی Google — seo_keywords.txt — بدون ادعای حجم یا سختی | N9: 10 | R9: نامشخص | S9: EC-006 | T9: 46262 | U9: Volume، KD و رتبه فقط با داده واقعی GSC/Keyword Planner تکمیل شود.
A10: KW-007 | B10: ماشین‌کاری | C10: ماشین‌کاری | D10: ماشین کاری چیست، براده برداری، فرایندهای ساخت | E10: اطلاعاتی | F10: آگاهی | G10: راهنمای جامع | H10: /fa/blog | I10: بالا | J10: فهرست منتخب کاربر از جست‌وجوی دستی Google — seo_keywords.txt — بدون ادعای حجم یا سختی | N10: 10 | R10: نامشخص | S10: EC-007 | T10: 46262 | U10: Volume، KD و رتبه فقط با داده واقعی GSC/Keyword Planner تکمیل شود.
A11: KW-008 | B11: مسترکم | C11: نرم‌افزار CAM | D11: Mastercam، آموزش مسترکم، برنامه نویسی CNC | E11: اطلاعاتی/تجاری | F11: بررسی | G11: راهنمای نرم‌افزار | H11: /fa/for/programmers | I11: بالا | J11: فهرست منتخب کاربر از جست‌وجوی دستی Google — seo_keywords.txt — بدون ادعای حجم یا سختی | N11: 10 | R11: نامشخص | S11: EC-008 | T11: 46262 | U11: Volume، KD و رتبه فقط با داده واقعی GSC/Keyword Planner تکمیل شود.
A12: KW-009 | B12: پاورمیل | C12: نرم‌افزار CAM | D12: PowerMill، آموزش پاورمیل، ماشین کاری سه بعدی | E12: اطلاعاتی/تجاری | F12: بررسی | G12: راهنمای نرم‌افزار | H12: /fa/for/programmers | I12: بالا | J12: فهرست منتخب کاربر از جست‌وجوی دستی Google — seo_keywords.txt — بدون ادعای حجم یا سختی | N12: 10 | R12: نامشخص | S12: EC-009 | T12: 46262 | U12: Volume، KD و رتبه فقط با داده واقعی GSC/Keyword Planner تکمیل شود.
A13: KW-010 | B13: خرید فرز | C13: خرید دستگاه CNC | D13: خرید فرز CNC، قیمت فرز، فرز نو یا کارکرده | E13: خرید | F13: تصمیم | G13: راهنمای خرید | H13: /fa/contact | I13: خیلی بالا | J13: فهرست منتخب کاربر از جست‌وجوی دستی Google — seo_keywords.txt — بدون ادعای حجم یا سختی | N13: 10 | R13: نامشخص | S13: EC-010 | T13: 46262 | U13: Volume، KD و رتبه فقط با داده واقعی GSC/Keyword Planner تکمیل شود.

Sheet تقویم محتوا
A1: تقویم اجرایی محتوای سئو
A2: ۱۰ موضوع فارسی منتخب از seo_keywords.txt؛ برنامه اجرایی، URL، تصویر و مسیر تحویل همگی با همین ۱۰ موضوع همگام شده‌اند.
A3: شناسه | B3: هفته | C3: روز انتشار | D3: خوشه | E3: عنوان مقاله | F3: کیورد اصلی | G3: کیوردهای فرعی | H3: نیت | I3: مرحله قیف | J3: فرمت | K3: SEO Title | L3: طول Title | M3: Meta Description | N3: طول Meta | O3: Slug پیشنهادی | P3: H1 | Q3: H2های پیشنهادی | R3: لینک‌های داخلی | S3: منبع ضروری | T3: CTA | U3: هدف محتوا | V3: مسئول | W3: تاریخ بریف | X3: موعد انتشار | Y3: لینک انتشار | Z3: وضعیت | AA3: اولویت | AB3: درصد پیشرفت | AC3: آخرین به‌روزرسانی | AD3: یادداشت ویراستار | AE3: URL نهایی فارسی | AF3: عنوان تصویر شاخص | AG3: پرامپت خلاصه تولید تصویر | AH3: ابعاد/فرمت | AI3: نام فایل تصویر | AJ3: متن جایگزین (alt) | AK3: مسیر پوشه تحویل
A4: EC-001 | B4: 1 | C4: سه‌شنبه | D4: برنامه‌نویسی CNC | E4: جی کد چیست؟ راهنمای کامل G-code برای دستگاه CNC | F4: جی کد | G4: G-code، کدهای G و M، برنامه CNC | H4: اطلاعاتی | I4: آگاهی | J4: راهنمای جامع | K4: جی کد چیست؟ راهنمای کامل G-code برای دستگاه CNC | L4: =LEN(K4) | M4: جی کد زبان فرمان دستگاه CNC است. در این راهنمای کاربردی با ساختار G-code، کدهای اصلی، نمونه برنامه، خطاهای رایج و روش انتقال امن فایل آشنا شوید. | N4: =LEN(M4) | O4: جی-کد-چیست | P4: جی کد چیست؟ راهنمای کامل G-code برای دستگاه CNC | Q4: جی کد چیست؟ | ساختار یک برنامه G-code | کدهای G و M پرکاربرد | نمونه عملی | خطاهای رایج | پرسش‌های متداول | R4: /fa/for/programmers | /fa/blog | /fa/product | S4: منابع رسمی و تجربه فنی قابل‌تأیید | T4: مطالعه مقاله مرتبط یا درخواست مشاوره | U4: پاسخ کامل به نیت «جی کد» بدون کیورد استافینگ | X4: 46266 | Y4: https://elecio.co/fa/blog/جی-کد-چیست | Z4: آماده نگارش | AA4: خیلی بالا | AB4: 70 | AC4: 46262 | AD4: ۱ شاخص ۶۰۰×۴۰۰ + تصویر داخلی فقط در صورت افزایش فهم | AE4: https://elecio.co/fa/blog/جی-کد-چیست | AF4: ارتباط جی کد با کنترلر و دستگاه CNC | AG4: کنترلر CNC در کنار نمایش گرافیکی مسیر ابزار روی قطعه فلزی و دستگاه CNC در پس‌زمینه؛ تصویر افقی جنرال و حرفه‌ای برای مقاله صنعتی، واقع‌گرایانه، نور تمیز، ترکیب‌بندی خلوت، بدون نوشته، لوگو و واترمارک، نسبت ۳:۲، خروجی دقیق ۶۰۰×۴۰۰ پیکسل | AH4: 600×400 / WebP / 3:2 | AI4: جی-کد-چیست-تصویر-شاخص.webp | AJ4: نمای کنترلر CNC، مسیر ابزار و قطعه فلزی ماشین‌کاری‌شده | AK4: deliverables/Persian_SEO_Publication_Queue/EC-001-جی-کد-چیست
A5: EC-002 | B5: 1 | C5: جمعه | D5: مبانی CNC | E5: دستگاه CNC چیست؟ انواع، کاربرد و نکات انتخاب | F5: cnc دستگاه | G5: دستگاه CNC، ماشین CNC، انواع CNC | H5: اطلاعاتی/تجاری | I5: بررسی | J5: راهنمای جامع | K5: دستگاه CNC چیست؟ انواع، کاربرد و نکات انتخاب | L5: =LEN(K5) | M5: دستگاه CNC چگونه کار می‌کند و چه انواعی دارد؟ اجزا، کاربردها، تفاوت مدل‌ها، هزینه‌های پنهان و معیارهای انتخاب دستگاه مناسب کارگاه را بررسی می‌کنیم. | N5: =LEN(M5) | O5: دستگاه-cnc-چیست | P5: دستگاه CNC چیست؟ انواع، کاربرد و نکات انتخاب | Q5: دستگاه CNC چیست؟ | اجزای اصلی | انواع دستگاه CNC | کاربردها | معیارهای انتخاب | نگهداری و ایمنی | R5: /fa/product | /fa/blog | /fa/blog/جی-کد-چیست | S5: منابع رسمی و تجربه فنی قابل‌تأیید | T5: مطالعه مقاله مرتبط یا درخواست مشاوره | U5: پاسخ کامل به نیت «cnc دستگاه» بدون کیورد استافینگ | X5: 46269 | Y5: https://elecio.co/fa/blog/دستگاه-cnc-چیست | Z5: آماده نگارش | AA5: خیلی بالا | AB5: 70 | AC5: 46262 | AD5: ۱ شاخص ۶۰۰×۴۰۰ + تصویر داخلی فقط در صورت افزایش فهم | AE5: https://elecio.co/fa/blog/دستگاه-cnc-چیست | AF5: نمای عمومی دستگاه CNC در محیط صنعتی | AG5: یک دستگاه CNC مدرن و کامل در کارگاه صنعتی تمیز، قطعه فلزی و ابزار برش قابل مشاهده؛ تصویر افقی جنرال و حرفه‌ای برای مقاله صنعتی، واقع‌گرایانه، نور تمیز، ترکیب‌بندی خلوت، بدون نوشته، لوگو و واترمارک، نسبت ۳:۲، خروجی دقیق ۶۰۰×۴۰۰ پیکسل | AH5: 600×400 / WebP / 3:2 | AI5: دستگاه-cnc-چیست-تصویر-شاخص.webp | AJ5: دستگاه CNC مدرن در یک کارگاه صنعتی تمیز | AK5: deliverables/Persian_SEO_Publication_Queue/EC-002-دستگاه-cnc-چیست
A6: EC-003 | B6: 2 | C6: دوشنبه | D6: فرز CNC | E6: فرز CNC چیست؟ راهنمای انواع، اجزا و کاربردها | F6: فرز CNC | G6: دستگاه فرز CNC، فرز سه محور، فرز صنعتی | H6: اطلاعاتی/تجاری | I6: بررسی | J6: راهنمای فنی | K6: فرز CNC چیست؟ راهنمای انواع، اجزا و کاربردها | L6: =LEN(K6) | M6: با فرز CNC، انواع سه تا پنج محور، اجزای اصلی، کاربردهای صنعتی و تفاوت آن با تراش CNC آشنا شوید و معیارهای انتخاب مدل مناسب را ببینید. | N6: =LEN(M6) | O6: فرز-cnc-چیست | P6: فرز CNC چیست؟ راهنمای انواع، اجزا و کاربردها | Q6: فرز CNC چگونه کار می‌کند؟ | انواع محور | اجزای اصلی | کاربردها | تفاوت فرز و تراش | معیارهای انتخاب | R6: /fa/product | /fa/blog | /fa/blog/دستگاه-cnc-چیست | S6: منابع رسمی و تجربه فنی قابل‌تأیید | T6: مطالعه مقاله مرتبط یا درخواست مشاوره | U6: پاسخ کامل به نیت «فرز CNC» بدون کیورد استافینگ | X6: 46272 | Y6: https://elecio.co/fa/blog/فرز-cnc-چیست | Z6: آماده نگارش | AA6: خیلی بالا | AB6: 70 | AC6: 46262 | AD6: ۱ شاخص ۶۰۰×۴۰۰ + تصویر داخلی فقط در صورت افزایش فهم | AE6: https://elecio.co/fa/blog/فرز-cnc-چیست | AF6: فرز CNC هنگام ماشین‌کاری قطعه فلزی | AG6: نمای نزدیک اسپیندل فرز CNC هنگام براده‌برداری دقیق از قطعه آلومینیومی، پاشش کنترل‌شده خنک‌کننده؛ تصویر افقی جنرال و حرفه‌ای برای مقاله صنعتی، واقع‌گرایانه، نور تمیز، ترکیب‌بندی خلوت، بدون نوشته، لوگو و واترمارک، نسبت ۳:۲، خروجی دقیق ۶۰۰×۴۰۰ پیکسل | AH6: 600×400 / WebP / 3:2 | AI6: فرز-cnc-چیست-تصویر-شاخص.webp | AJ6: اسپیندل فرز CNC در حال براده‌برداری از قطعه فلزی | AK6: deliverables/Persian_SEO_Publication_Queue/EC-003-فرز-cnc-چیست
A7: EC-004 | B7: 2 | C7: پنج‌شنبه | D7: اتوماسیون صنعتی | E7: اتوماسیون صنعتی چیست؟ اجزا، سطوح و کاربردها | F7: اتوماسیون صنعتی | G7: کنترل صنعتی، هوشمندسازی کارخانه، مانیتورینگ تولید | H7: اطلاعاتی/تجاری | I7: بررسی | J7: راهنمای جامع | K7: اتوماسیون صنعتی چیست؟ اجزا، سطوح و کاربردها | L7: =LEN(K7) | M7: اتوماسیون صنعتی از حسگر و PLC تا مانیتورینگ و نرم‌افزار تولید چگونه کار می‌کند؟ اجزا، سطوح، مزایا، ریسک‌ها و مسیر شروع در کارگاه را بخوانید. | N7: =LEN(M7) | O7: اتوماسیون-صنعتی-چیست | P7: اتوماسیون صنعتی چیست؟ اجزا، سطوح و کاربردها | Q7: تعریف اتوماسیون صنعتی | اجزای اصلی | سطوح اتوماسیون | PLC و شبکه | مزایا و ریسک‌ها | نقشه شروع | R7: /fa/software | /fa/blog | /fa/blog/فرز-cnc-چیست | S7: منابع رسمی و تجربه فنی قابل‌تأیید | T7: مطالعه مقاله مرتبط یا درخواست مشاوره | U7: پاسخ کامل به نیت «اتوماسیون صنعتی» بدون کیورد استافینگ | X7: 46275 | Y7: https://elecio.co/fa/blog/اتوماسیون-صنعتی-چیست | Z7: آماده نگارش | AA7: بالا | AB7: 70 | AC7: 46262 | AD7: ۱ شاخص ۶۰۰×۴۰۰ + تصویر داخلی فقط در صورت افزایش فهم | AE7: https://elecio.co/fa/blog/اتوماسیون-صنعتی-چیست | AF7: زنجیره اتوماسیون در کارخانه هوشمند | AG7: خط تولید خودکار در کارخانه هوشمند شامل ربات صنعتی، حسگرها، نوار نقاله و تابلو کنترل، بدون رابط کاربری خوانا؛ تصویر افقی جنرال و حرفه‌ای برای مقاله صنعتی، واقع‌گرایانه، نور تمیز، ترکیب‌بندی خلوت، بدون نوشته، لوگو و واترمارک، نسبت ۳:۲، خروجی دقیق ۶۰۰×۴۰۰ پیکسل | AH7: 600×400 / WebP / 3:2 | AI7: اتوماسیون-صنعتی-چیست-تصویر-شاخص.webp | AJ7: خط تولید خودکار با ربات، حسگر و تابلو کنترل صنعتی | AK7: deliverables/Persian_SEO_Publication_Queue/EC-004-اتوماسیون-صنعتی-چیست
A8: EC-005 | B8: 3 | C8: یکشنبه | D8: کنترل صنعتی | E8: PLC چیست؟ راهنمای کنترل‌گر منطقی برنامه‌پذیر | F8: plc | G8: PLC چیست، کنترل‌گر منطقی برنامه‌پذیر، برنامه نویسی PLC | H8: اطلاعاتی | I8: آگاهی | J8: آموزش فنی | K8: PLC چیست؟ راهنمای کنترل‌گر منطقی برنامه‌پذیر | L8: =LEN(K8) | M8: PLC قلب بسیاری از سامانه‌های کنترل صنعتی است. ساختار، ورودی و خروجی، چرخه اسکن، زبان‌های برنامه‌نویسی و معیارهای انتخاب PLC را ساده و فنی بیاموزید. | N8: =LEN(M8) | O8: plc-چیست | P8: PLC چیست؟ راهنمای کنترل‌گر منطقی برنامه‌پذیر | Q8: PLC چیست؟ | اجزای PLC | چرخه اسکن | ورودی و خروجی | زبان‌های برنامه‌نویسی | انتخاب PLC | R8: /fa/software | /fa/blog | /fa/blog/اتوماسیون-صنعتی-چیست | S8: منابع رسمی و تجربه فنی قابل‌تأیید | T8: مطالعه مقاله مرتبط یا درخواست مشاوره | U8: پاسخ کامل به نیت «plc» بدون کیورد استافینگ | X8: 46278 | Y8: https://elecio.co/fa/blog/plc-چیست | Z8: آماده نگارش | AA8: بالا | AB8: 70 | AC8: 46262 | AD8: ۱ شاخص ۶۰۰×۴۰۰ + تصویر داخلی فقط در صورت افزایش فهم | AE8: https://elecio.co/fa/blog/plc-چیست | AF8: PLC و اجزای تابلو کنترل صنعتی | AG8: نمای حرفه‌ای یک ماژول PLC در تابلو کنترل صنعتی با ماژول‌های ورودی و خروجی و سیم‌کشی منظم؛ تصویر افقی جنرال و حرفه‌ای برای مقاله صنعتی، واقع‌گرایانه، نور تمیز، ترکیب‌بندی خلوت، بدون نوشته، لوگو و واترمارک، نسبت ۳:۲، خروجی دقیق ۶۰۰×۴۰۰ پیکسل | AH8: 600×400 / WebP / 3:2 | AI8: plc-چیست-تصویر-شاخص.webp | AJ8: ماژول PLC، ورودی و خروجی و سیم‌کشی منظم تابلو برق | AK8: deliverables/Persian_SEO_Publication_Queue/EC-005-plc-چیست
A9: EC-006 | B9: 3 | C9: چهارشنبه | D9: تراش CNC | E9: تراش CNC چیست؟ اجزا، عملیات و نکات انتخاب | F9: تراش cnc | G9: دستگاه تراش CNC، تراشکاری CNC، محور C | H9: اطلاعاتی/تجاری | I9: بررسی | J9: راهنمای فنی | K9: تراش CNC چیست؟ اجزا، عملیات و نکات انتخاب | L9: =LEN(K9) | M9: تراش CNC چگونه قطعات دقیق تولید می‌کند؟ اجزا، محور‌ها، عملیات رایج، تفاوت با فرز CNC، ابزارها و معیارهای انتخاب دستگاه مناسب را بررسی کنید. | N9: =LEN(M9) | O9: تراش-cnc-چیست | P9: تراش CNC چیست؟ اجزا، عملیات و نکات انتخاب | Q9: تراش CNC چگونه کار می‌کند؟ | اجزای دستگاه | عملیات تراشکاری | ابزار و آفست | تفاوت با فرز | معیارهای انتخاب | R9: /fa/product | /fa/blog | /fa/blog/plc-چیست | S9: منابع رسمی و تجربه فنی قابل‌تأیید | T9: مطالعه مقاله مرتبط یا درخواست مشاوره | U9: پاسخ کامل به نیت «تراش cnc» بدون کیورد استافینگ | X9: 46281 | Y9: https://elecio.co/fa/blog/تراش-cnc-چیست | Z9: آماده نگارش | AA9: خیلی بالا | AB9: 70 | AC9: 46262 | AD9: ۱ شاخص ۶۰۰×۴۰۰ + تصویر داخلی فقط در صورت افزایش فهم | AE9: https://elecio.co/fa/blog/تراش-cnc-چیست | AF9: عملیات تراشکاری با دستگاه تراش CNC | AG9: نمای نزدیک سه‌نظام و ابزار دستگاه تراش CNC هنگام شکل‌دهی قطعه فلزی استوانه‌ای با براده‌های کنترل‌شده؛ تصویر افقی جنرال و حرفه‌ای برای مقاله صنعتی، واقع‌گرایانه، نور تمیز، ترکیب‌بندی خلوت، بدون نوشته، لوگو و واترمارک، نسبت ۳:۲، خروجی دقیق ۶۰۰×۴۰۰ پیکسل | AH9: 600×400 / WebP / 3:2 | AI9: تراش-cnc-چیست-تصویر-شاخص.webp | AJ9: سه‌نظام و ابزار دستگاه تراش CNC در حال تولید قطعه فلزی | AK9: deliverables/Persian_SEO_Publication_Queue/EC-006-تراش-cnc-چیست
A10: EC-007 | B10: 4 | C10: شنبه | D10: ماشین‌کاری | E10: ماشین‌کاری چیست؟ فرایندها، ابزارها و کاربردها | F10: ماشین‌کاری | G10: ماشین کاری چیست، براده برداری، فرایندهای ساخت | H10: اطلاعاتی | I10: آگاهی | J10: راهنمای جامع | K10: ماشین‌کاری چیست؟ فرایندها، ابزارها و کاربردها | L10: =LEN(K10) | M10: ماشین‌کاری مجموعه فرایندهای ساخت با حذف ماده است. تراش، فرز، سوراخ‌کاری، سنگ‌زنی، پارامترهای برش و نقش CNC در تولید دقیق را مرور می‌کنیم. | N10: =LEN(M10) | O10: ماشین-کاری-چیست | P10: ماشین‌کاری چیست؟ فرایندها، ابزارها و کاربردها | Q10: تعریف ماشین‌کاری | فرایندهای اصلی | ابزار برش | پارامترهای برش | دقت و کیفیت سطح | نقش CNC | R10: /fa/blog | /fa/blog | /fa/blog/تراش-cnc-چیست | S10: منابع رسمی و تجربه فنی قابل‌تأیید | T10: مطالعه مقاله مرتبط یا درخواست مشاوره | U10: پاسخ کامل به نیت «ماشین‌کاری» بدون کیورد استافینگ | X10: 46284 | Y10: https://elecio.co/fa/blog/ماشین-کاری-چیست | Z10: آماده نگارش | AA10: بالا | AB10: 70 | AC10: 46262 | AD10: ۱ شاخص ۶۰۰×۴۰۰ + تصویر داخلی فقط در صورت افزایش فهم | AE10: https://elecio.co/fa/blog/ماشین-کاری-چیست | AF10: نمای عمومی فرایندهای ماشین‌کاری فلز | AG10: چیدمان صنعتی منظم از ابزار فرز، ابزار تراش، مته و چند قطعه فلزی دقیق ماشین‌کاری‌شده روی میز کار؛ تصویر افقی جنرال و حرفه‌ای برای مقاله صنعتی، واقع‌گرایانه، نور تمیز، ترکیب‌بندی خلوت، بدون نوشته، لوگو و واترمارک، نسبت ۳:۲، خروجی دقیق ۶۰۰×۴۰۰ پیکسل | AH10: 600×400 / WebP / 3:2 | AI10: ماشین-کاری-چیست-تصویر-شاخص.webp | AJ10: ابزارهای فرز، تراش و سوراخ‌کاری در کنار قطعات ماشین‌کاری‌شده | AK10: deliverables/Persian_SEO_Publication_Queue/EC-007-ماشین-کاری-چیست
A11: EC-008 | B11: 4 | C11: سه‌شنبه | D11: نرم‌افزار CAM | E11: مسترکم چیست؟ کاربرد Mastercam در برنامه‌نویسی CNC | F11: مسترکم | G11: Mastercam، آموزش مسترکم، برنامه نویسی CNC | H11: اطلاعاتی/تجاری | I11: بررسی | J11: راهنمای نرم‌افزار | K11: مسترکم چیست؟ کاربرد Mastercam در برنامه‌نویسی CNC | L11: =LEN(K11) | M11: مسترکم چگونه مسیر ابزار و جی کد تولید می‌کند؟ محیط‌ها، گردش کار CAD/CAM، پست‌پروسسور، شبیه‌سازی و نکات انتخاب و یادگیری Mastercam را بخوانید. | N11: =LEN(M11) | O11: مسترکم-چیست | P11: مسترکم چیست؟ کاربرد Mastercam در برنامه‌نویسی CNC | Q11: مسترکم چیست؟ | گردش کار CAD/CAM | مسیر ابزار | پست‌پروسسور | شبیه‌سازی | نکات یادگیری | R11: /fa/for/programmers | /fa/blog | /fa/blog/ماشین-کاری-چیست | S11: منابع رسمی و تجربه فنی قابل‌تأیید | T11: مطالعه مقاله مرتبط یا درخواست مشاوره | U11: پاسخ کامل به نیت «مسترکم» بدون کیورد استافینگ | X11: 46287 | Y11: https://elecio.co/fa/blog/مسترکم-چیست | Z11: آماده نگارش | AA11: بالا | AB11: 70 | AC11: 46262 | AD11: ۱ شاخص ۶۰۰×۴۰۰ + تصویر داخلی فقط در صورت افزایش فهم | AE11: https://elecio.co/fa/blog/مسترکم-چیست | AF11: طراحی مسیر ابزار CAM برای دستگاه CNC | AG11: ایستگاه کاری مهندسی با مدل سه‌بعدی قطعه و مسیر ابزار CAM رنگی روی نمایشگر، دستگاه CNC محو در پس‌زمینه، بدون برند و متن خوانا؛ تصویر افقی جنرال و حرفه‌ای برای مقاله صنعتی، واقع‌گرایانه، نور تمیز، ترکیب‌بندی خلوت، بدون نوشته، لوگو و واترمارک، نسبت ۳:۲، خروجی دقیق ۶۰۰×۴۰۰ پیکسل | AH11: 600×400 / WebP / 3:2 | AI11: مسترکم-چیست-تصویر-شاخص.webp | AJ11: مدل سه‌بعدی قطعه و مسیر ابزار رنگی روی نمایشگر مهندسی | AK11: deliverables/Persian_SEO_Publication_Queue/EC-008-مسترکم-چیست
A12: EC-009 | B12: 5 | C12: جمعه | D12: نرم‌افزار CAM | E12: پاورمیل چیست؟ کاربرد PowerMill در ماشین‌کاری CNC | F12: پاورمیل | G12: PowerMill، آموزش پاورمیل، ماشین کاری سه بعدی | H12: اطلاعاتی/تجاری | I12: بررسی | J12: راهنمای نرم‌افزار | K12: پاورمیل چیست؟ کاربرد PowerMill در ماشین‌کاری CNC | L12: =LEN(K12) | M12: PowerMill برای ساخت مسیر ابزار قطعات پیچیده چگونه استفاده می‌شود؟ استراتژی‌های خشن‌کاری و پرداخت، شبیه‌سازی، پست‌پروسسور و گردش کار را بررسی کنید. | N12: =LEN(M12) | O12: پاورمیل-چیست | P12: پاورمیل چیست؟ کاربرد PowerMill در ماشین‌کاری CNC | Q12: پاورمیل چیست؟ | آماده‌سازی مدل | خشن‌کاری | پرداخت | شبیه‌سازی | خروجی G-code | R12: /fa/for/programmers | /fa/blog | /fa/blog/مسترکم-چیست | S12: منابع رسمی و تجربه فنی قابل‌تأیید | T12: مطالعه مقاله مرتبط یا درخواست مشاوره | U12: پاسخ کامل به نیت «پاورمیل» بدون کیورد استافینگ | X12: 46290 | Y12: https://elecio.co/fa/blog/پاورمیل-چیست | Z12: آماده نگارش | AA12: بالا | AB12: 70 | AC12: 46262 | AD12: ۱ شاخص ۶۰۰×۴۰۰ + تصویر داخلی فقط در صورت افزایش فهم | AE12: https://elecio.co/fa/blog/پاورمیل-چیست | AF12: شبیه‌سازی مسیر ابزار قطعه پیچیده CNC | AG12: مدل سه‌بعدی قطعه صنعتی پیچیده با مسیرهای ابزار خشن‌کاری و پرداخت رنگی در محیط CAM، بدون برند و متن خوانا؛ تصویر افقی جنرال و حرفه‌ای برای مقاله صنعتی، واقع‌گرایانه، نور تمیز، ترکیب‌بندی خلوت، بدون نوشته، لوگو و واترمارک، نسبت ۳:۲، خروجی دقیق ۶۰۰×۴۰۰ پیکسل | AH12: 600×400 / WebP / 3:2 | AI12: پاورمیل-چیست-تصویر-شاخص.webp | AJ12: مسیر ابزار سه‌بعدی خشن‌کاری و پرداخت روی یک قطعه صنعتی | AK12: deliverables/Persian_SEO_Publication_Queue/EC-009-پاورمیل-چیست
A13: EC-010 | B13: 5 | C13: دوشنبه | D13: خرید دستگاه CNC | E13: راهنمای خرید فرز CNC؛ چک‌لیست فنی و هزینه‌ها | F13: خرید فرز | G13: خرید فرز CNC، قیمت فرز، فرز نو یا کارکرده | H13: خرید | I13: تصمیم | J13: راهنمای خرید | K13: راهنمای خرید فرز CNC؛ چک‌لیست فنی و هزینه‌ها | L13: =LEN(K13) | M13: پیش از خرید فرز CNC چه چیزهایی را بررسی کنیم؟ نوع کنترلر، محورها، اسپیندل، دقت، خدمات، قطعات، تست عملی و هزینه کل مالکیت را مقایسه کنید. | N13: =LEN(M13) | O13: راهنمای-خرید-فرز-cnc | P13: راهنمای خرید فرز CNC؛ چک‌لیست فنی و هزینه‌ها | Q13: نیاز کارگاه | مشخصات فنی | کنترلر و انتقال فایل | تست سلامت | نو یا کارکرده | هزینه کل مالکیت | چک‌لیست خرید | R13: /fa/contact | /fa/blog | /fa/blog/پاورمیل-چیست | S13: منابع رسمی و تجربه فنی قابل‌تأیید | T13: مطالعه مقاله مرتبط یا درخواست مشاوره | U13: پاسخ کامل به نیت «خرید فرز» بدون کیورد استافینگ | X13: 46293 | Y13: https://elecio.co/fa/blog/راهنمای-خرید-فرز-cnc | Z13: آماده نگارش | AA13: خیلی بالا | AB13: 70 | AC13: 46262 | AD13: ۱ شاخص ۶۰۰×۴۰۰ + تصویر داخلی فقط در صورت افزایش فهم | AE13: https://elecio.co/fa/blog/راهنمای-خرید-فرز-cnc | AF13: بررسی فنی دستگاه پیش از خرید فرز CNC | AG13: کارشناس صنعتی در حال بررسی اسپیندل و کنترلر یک دستگاه فرز CNC در کارگاه، فضای مقایسه و ارزیابی خرید؛ تصویر افقی جنرال و حرفه‌ای برای مقاله صنعتی، واقع‌گرایانه، نور تمیز، ترکیب‌بندی خلوت، بدون نوشته، لوگو و واترمارک، نسبت ۳:۲، خروجی دقیق ۶۰۰×۴۰۰ پیکسل | AH13: 600×400 / WebP / 3:2 | AI13: راهنمای-خرید-فرز-cnc-تصویر-شاخص.webp | AJ13: کارشناس در حال بررسی فنی دستگاه فرز CNC در کارگاه | AK13: deliverables/Persian_SEO_Publication_Queue/EC-010-راهنمای-خرید-فرز-cnc

Sheet بریف مقاله
A1: بریف هوشمند مقاله
A2: شناسه EC-001 تا EC-010 را انتخاب کنید؛ متن، URL فارسی و تمام مشخصات تصویر از تقویم نهایی خوانده می‌شوند.
A3: شناسه محتوا | B3: EC-001
A5: عنوان مقاله | B5: =IFERROR(INDEX('تقویم محتوا'!$E:$E,MATCH($B$3,'تقویم محتوا'!$A:$A,0)),"")
A6: کلمه کلیدی اصلی | B6: =IFERROR(INDEX('تقویم محتوا'!$F:$F,MATCH($B$3,'تقویم محتوا'!$A:$A,0)),"")
A7: کلمات فرعی | B7: =IFERROR(INDEX('تقویم محتوا'!$G:$G,MATCH($B$3,'تقویم محتوا'!$A:$A,0)),"")
A8: نیت جست‌وجو | B8: =IFERROR(INDEX('تقویم محتوا'!$H:$H,MATCH($B$3,'تقویم محتوا'!$A:$A,0)),"")
A9: مخاطب اصلی
A10: مسئله/درد مخاطب
A11: پاسخ یا وعده اصلی مقاله
A12: SEO Title | B12: =IFERROR(INDEX('تقویم محتوا'!$K:$K,MATCH($B$3,'تقویم محتوا'!$A:$A,0)),"")
A13: Meta Description | B13: =IFERROR(INDEX('تقویم محتوا'!$M:$M,MATCH($B$3,'تقویم محتوا'!$A:$A,0)),"")
A14: Slug | B14: =IFERROR(INDEX('تقویم محتوا'!$O:$O,MATCH($B$3,'تقویم محتوا'!$A:$A,0)),"")
A15: H1 | B15: =IFERROR(INDEX('تقویم محتوا'!$P:$P,MATCH($B$3,'تقویم محتوا'!$A:$A,0)),"")
A16: ساختار H2 | B16: =IFERROR(INDEX('تقویم محتوا'!$Q:$Q,MATCH($B$3,'تقویم محتوا'!$A:$A,0)),"")
A17: لینک‌های داخلی | B17: =IFERROR(INDEX('تقویم محتوا'!$R:$R,MATCH($B$3,'تقویم محتوا'!$A:$A,0)),"")
A18: منابع ضروری | B18: =IFERROR(INDEX('تقویم محتوا'!$S:$S,MATCH($B$3,'تقویم محتوا'!$A:$A,0)),"")
A19: CTA | B19: =IFERROR(INDEX('تقویم محتوا'!$T:$T,MATCH($B$3,'تقویم محتوا'!$A:$A,0)),"")
A20: زاویه تمایز با رقبا
A21: مثال واقعی/سناریوی کارگاه
A22: جدول‌های ضروری
A23: FAQهای ضروری
A24: ادعاهای نیازمند تأیید
A25: نکات ویراستار
A26: URL نهایی | B26: =IFERROR(INDEX('تقویم محتوا'!$AE:$AE,MATCH($B$3,'تقویم محتوا'!$A:$A,0)),"")
A27: عنوان تصویر شاخص | B27: =IFERROR(INDEX('تقویم محتوا'!$AF:$AF,MATCH($B$3,'تقویم محتوا'!$A:$A,0)),"")
A28: پرامپت تصویر | B28: =IFERROR(INDEX('تقویم محتوا'!$AG:$AG,MATCH($B$3,'تقویم محتوا'!$A:$A,0)),"")
A29: ابعاد/فرمت | B29: =IFERROR(INDEX('تقویم محتوا'!$AH:$AH,MATCH($B$3,'تقویم محتوا'!$A:$A,0)),"")
A30: نام فایل تصویر | B30: =IFERROR(INDEX('تقویم محتوا'!$AI:$AI,MATCH($B$3,'تقویم محتوا'!$A:$A,0)),"")
A31: متن جایگزین (alt) | B31: =IFERROR(INDEX('تقویم محتوا'!$AJ:$AJ,MATCH($B$3,'تقویم محتوا'!$A:$A,0)),"")
A32: مسیر پوشه تحویل | B32: =IFERROR(INDEX('تقویم محتوا'!$AK:$AK,MATCH($B$3,'تقویم محتوا'!$A:$A,0)),"")

Sheet صفحات هدف
A1: صفحات هدف و Pillar
A2: این شیت مقصد لینک‌سازی و جلوگیری از تولید مقاله‌های رقیب با صفحات تجاری را مشخص می‌کند.
A3: نوع | B3: عنوان صفحه | C3: URL فارسی | D3: نقش در معماری سئو | E3: کیوردهای محوری | F3: CTA اصلی | G3: لینک از خوشه‌ها | H3: وضعیت بررسی
A4: Pillar تجاری | B4: محصول Smart DNC | C4: /fa/product | D4: صفحه اصلی تبدیل برای سخت‌افزار و سازگاری | E4: دستگاه CNC، فرز CNC، تراش CNC، خرید فرز CNC | F4: سفارش/مشاوره | G4: دستگاه، فرز، تراش، ماشین‌کاری و خرید | H4: بررسی شده
A5: Pillar تجاری | B5: نرم‌افزار ElecIO | C5: /fa/software | D5: تبدیل برای مدیریت فایل و گزارش | E5: اتوماسیون صنعتی، PLC، نرم‌افزار صنعتی | F5: درخواست دمو | G5: اتوماسیون صنعتی و کنترل PLC | H5: بررسی شده
A6: اعتماد | B6: درباره ما | C6: /fa/about | D6: اعتمادسازی برند و تجربه | E6: ElecIO، شرکت DNC | F6: آشنایی با تیم | G6: برند و مطالعات موردی | H6: بررسی شده
A7: تبدیل | B7: تماس | C7: /fa/contact | D7: ثبت درخواست مشاوره و پشتیبانی | E7: خرید فرز CNC، مشاوره دستگاه و اتوماسیون | F7: ارسال درخواست | G7: راهنمای خرید و موضوعات تصمیم‌محور | H7: بررسی شده
A8: Pillar اطلاعاتی | B8: مجله | C8: /fa/blog | D8: هاب تمام خوشه‌های اطلاعاتی | E8: جی کد، دستگاه CNC، فرز CNC، اتوماسیون صنعتی، PLC، تراش CNC، ماشین‌کاری، مسترکم، پاورمیل، خرید فرز | F8: مطالعه مقالات | G8: همه ۱۰ خوشه محتوایی | H8: بررسی شده
A9: Persona | B9: مدیران کارگاه | C9: /fa/for/business-owners | D9: پیام ارزش اقتصادی و مدیریتی | E9: کاهش توقف CNC، گزارش تولید | F9: مشاوره کسب‌وکار | G9: گزارش و ROI | H9: بررسی شده
A10: Persona | B10: برنامه‌نویسان CNC | C10: /fa/for/programmers | D10: جزئیات انتقال فایل و کنترلر | E10: جی کد، مسترکم، پاورمیل، برنامه‌نویسی CNC | F10: بررسی سازگاری | G10: جی کد و نرم‌افزارهای CAM | H10: بررسی شده
A11: Persona | B11: اپراتورها | C11: /fa/for/operators | D11: کار روزمره و کاهش خطا | E11: ارسال برنامه CNC، خطای فایل | F11: مشاهده روش کار | G11: آموزش و عیب‌یابی | H11: بررسی شده

Sheet لینک‌سازی داخلی
A1: نقشه لینک‌سازی داخلی
A2: برای هر مقاله دقیقاً سه مقصد ثبت شده است: یک Pillar و دو مقاله مرتبط. URLها همگی با نسخه فارسی نهایی هماهنگ‌اند.
A3: خوشه مبدأ | B3: صفحه/خوشه مقصد | C3: URL مقصد | D3: انکر پیشنهادی ۱ | E3: انکر پیشنهادی ۲ | F3: جایگاه پیشنهادی | G3: هدف لینک | H3: وضعیت
A4: EC-001 | برنامه‌نویسی CNC | B4: صفحه برنامه‌نویسان CNC | C4: https://elecio.co/fa/for/programmers | D4: برنامه‌نویسی CNC | E4: راهنمای جی کد | F4: پس از مقدمه یا بخش کاربرد | G4: انتقال اعتبار به Pillar | H4: بررسی نشده
A5: EC-001 | برنامه‌نویسی CNC | B5: دستگاه CNC چیست؟ انواع، کاربرد و نکات انتخاب | C5: https://elecio.co/fa/blog/دستگاه-cnc-چیست | D5: cnc دستگاه | E5: راهنمای cnc دستگاه | F5: در نزدیک‌ترین بخش مرتبط | G5: عمق موضوعی و مسیر مطالعه | H5: بررسی نشده
A6: EC-001 | برنامه‌نویسی CNC | B6: مسترکم چیست؟ کاربرد Mastercam در برنامه‌نویسی CNC | C6: https://elecio.co/fa/blog/مسترکم-چیست | D6: مسترکم | E6: راهنمای مسترکم | F6: در نزدیک‌ترین بخش مرتبط | G6: عمق موضوعی و مسیر مطالعه | H6: بررسی نشده
A7: EC-002 | مبانی CNC | B7: محصول Smart DNC | C7: https://elecio.co/fa/product | D7: مبانی CNC | E7: راهنمای cnc دستگاه | F7: پس از مقدمه یا بخش کاربرد | G7: انتقال اعتبار به Pillar | H7: بررسی نشده
A8: EC-002 | مبانی CNC | B8: فرز CNC چیست؟ راهنمای انواع، اجزا و کاربردها | C8: https://elecio.co/fa/blog/فرز-cnc-چیست | D8: فرز CNC | E8: راهنمای فرز CNC | F8: در نزدیک‌ترین بخش مرتبط | G8: عمق موضوعی و مسیر مطالعه | H8: بررسی نشده
A9: EC-002 | مبانی CNC | B9: تراش CNC چیست؟ اجزا، عملیات و نکات انتخاب | C9: https://elecio.co/fa/blog/تراش-cnc-چیست | D9: تراش cnc | E9: راهنمای تراش cnc | F9: در نزدیک‌ترین بخش مرتبط | G9: عمق موضوعی و مسیر مطالعه | H9: بررسی نشده
A10: EC-003 | فرز CNC | B10: محصول Smart DNC | C10: https://elecio.co/fa/product | D10: فرز CNC | E10: راهنمای فرز CNC | F10: پس از مقدمه یا بخش کاربرد | G10: انتقال اعتبار به Pillar | H10: بررسی نشده
A11: EC-003 | فرز CNC | B11: دستگاه CNC چیست؟ انواع، کاربرد و نکات انتخاب | C11: https://elecio.co/fa/blog/دستگاه-cnc-چیست | D11: cnc دستگاه | E11: راهنمای cnc دستگاه | F11: در نزدیک‌ترین بخش مرتبط | G11: عمق موضوعی و مسیر مطالعه | H11: بررسی نشده
A12: EC-003 | فرز CNC | B12: راهنمای خرید فرز CNC؛ چک‌لیست فنی و هزینه‌ها | C12: https://elecio.co/fa/blog/راهنمای-خرید-فرز-cnc | D12: خرید فرز | E12: راهنمای خرید فرز | F12: در نزدیک‌ترین بخش مرتبط | G12: عمق موضوعی و مسیر مطالعه | H12: بررسی نشده
A13: EC-004 | اتوماسیون صنعتی | B13: نرم‌افزار ElecIO | C13: https://elecio.co/fa/software | D13: اتوماسیون صنعتی | E13: راهنمای اتوماسیون صنعتی | F13: پس از مقدمه یا بخش کاربرد | G13: انتقال اعتبار به Pillar | H13: بررسی نشده
A14: EC-004 | اتوماسیون صنعتی | B14: PLC چیست؟ راهنمای کنترل‌گر منطقی برنامه‌پذیر | C14: https://elecio.co/fa/blog/plc-چیست | D14: plc | E14: راهنمای plc | F14: در نزدیک‌ترین بخش مرتبط | G14: عمق موضوعی و مسیر مطالعه | H14: بررسی نشده
... A33: EC-010 | خرید دستگاه CNC | B33: دستگاه CNC چیست؟ انواع، کاربرد و نکات انتخاب | C33: https://elecio.co/fa/blog/دستگاه-cnc-چیست | D33: cnc دستگاه | E33: راهنمای cnc دستگاه | F33: در نزدیک‌ترین بخش مرتبط | G33: عمق موضوعی و مسیر مطالعه | H33: بررسی نشده

Sheet کنترل کیفیت
A1: چک‌لیست کنترل کیفیت مقاله
A2: چک‌لیست نهایی هماهنگ با URL فارسی، تصویر ۶۰۰×۴۰۰ و صف انتشار خودکار؛ ردیف‌های قدیمی و تکراری حذف شده‌اند.
A3: ردیف | B3: مرحله | C3: کنترل ضروری | D3: معیار قبولی | E3: وزن | F3: وضعیت | G3: مسئول | H3: یادداشت
A4: 1 | B4: استراتژی | C4: نیت جست‌وجو | D4: مقاله مستقیماً سؤال یا نیاز اصلی کاربر را پاسخ می‌دهد | E4: 5 | F4: بررسی نشده
A5: 2 | B5: استراتژی | C5: عدم هم‌نوع‌خواری | D5: با مقاله یا صفحه تجاری موجود رقابت مستقیم ندارد | E5: 5 | F5: بررسی نشده
A6: 3 | B6: تحقیق | C6: اعتبار منابع | D6: مشخصات از کاتالوگ/مستند رسمی و ادعاها قابل تأییدند | E6: 5 | F6: بررسی نشده
A7: 4 | B7: تحقیق | C7: عدم جعل | D7: هیچ آمار، قیمت، استاندارد یا ادعای رسمی ساخته نشده است | E7: 5 | F7: بررسی نشده
A8: 5 | B8: محتوا | C8: حداقل طول | D8: حداقل ۱۵۰۰ واژه فارسی مفید؛ بدون پرگویی | E8: 4 | F8: بررسی نشده
A9: 6 | B9: محتوا | C9: زبان طبیعی | D9: روان، حرفه‌ای و متناسب با مخاطب صنعتی ایرانی | E9: 5 | F9: بررسی نشده
A10: 7 | B10: محتوا | C10: مقدمه | D10: مسئله، وعده و مسیر مقاله را کوتاه و روشن بیان می‌کند | E10: 3 | F10: بررسی نشده
A11: 8 | B11: ساختار | C11: یک H1 | D11: فقط یک H1 قوی و شامل مفهوم کیورد اصلی | E11: 5 | F11: بررسی نشده
A12: 9 | B12: ساختار | C12: H2/H3 | D12: سرفصل‌ها قابل جست‌وجو، منطقی و بدون تکرارند | E12: 4 | F12: بررسی نشده
A13: 10 | B13: ساختار | C13: جدول مفید | D13: حداقل یک جدول فقط در صورت افزایش فهم | E13: 3 | F13: بررسی نشده
A14: 11 | B14: ساختار | C14: مثال عملی | D14: سناریو یا مثال واقعی از کارگاه CNC دارد | E14: 4 | F14: بررسی نشده
A15: 12 | B15: ساختار | C15: FAQ | D15: پرسش‌های واقعی و پاسخ‌های کوتاه و کامل دارد | E15: 4 | F15: بررسی نشده
... A36: 33 | B36: انتشار | C36: صف خودکار | D36: متن، keyword، Title، Meta، دسته، تصویر، alt و index کامل؛ سپس Active Queue روشن شود | E36: 5 | F36: بررسی نشده

Sheet پرامپت محتوا
A1: پرامپت اختصاصی تولید محتوای ElecIO
A2: قالب نهایی برای ۱۰ مقاله فارسی؛ مقادیر متن، URL، لینک و تصویر از شیت بریف مقاله برداشته شوند.
A4: نقش | B4: تو یک نویسنده متخصص سئوی فارسی، استراتژیست محتوای B2B صنعتی و آشنا با CNC، DNC، کنترلرهای FANUC، Siemens، Heidenhain و ارتباط RS232/شبکه هستی.
A5: ورودی‌ها | B5: کلمه کلیدی اصلی: {{کلمه کلیدی اصلی}} کلمات فرعی: {{کلمات فرعی}} عنوان: {{عنوان}} نیت: {{نیت}} URL فارسی نهایی: {{URL نهایی}} مخاطب: {{مخاطب}} CTA: {{CTA}} منابع تأییدشده: {{منابع}}
A6: هدف | B6: یک مقاله فارسی کامل، کاربردی و قابل انتشار برای وب‌سایت ElecIO بنویس که مسئله واقعی مدیر کارگاه، برنامه‌نویس یا اپراتور CNC را حل کند. انسان‌محور بنویس و از Keyword Stuffing پرهیز کن.
A7: محدودیت صحت | B7: هیچ آمار، قیمت، قانون، استاندارد، سازگاری کنترلر یا مشخصه فنی را اختراع نکن. برای مشخصات ElecIO فقط از کاتالوگ رسمی، صفحات محصول و اطلاعات تأییدشده استفاده کن. اگر داده‌ای موجود نیست، شفاف بگو نیازمند تأیید فنی است.
A8: طول و زبان | B8: حداقل ۱۵۰۰ واژه مفید و کاملاً فارسی. اصطلاحات انگلیسی تخصصی را در صورت نیاز کنار معادل فارسی بیاور. از لحن رباتیک، مقدمه طولانی و تکرار مصنوعی خودداری کن.
A9: ساختار | B9: یک H1 قوی، مقدمه کوتاه، H2های قابل جست‌وجو، H3 برای مراحل/مثال‌ها/اشتباهات، حداقل یک جدول مفید در صورت نیاز، مثال عملی کارگاهی، نکات اجرایی، FAQ واقعی و جمع‌بندی تصمیم‌ساز.
A10: SEO Metadata | B10: در ابتدای خروجی بده: SEO Title، Meta Description، Slug فارسی نهایی، Focus Keyword، Secondary Keywords، دسته و برچسب‌های محدود.
A11: لینک‌سازی | B11: لینک داخلی را با قالب [پیشنهاد لینک داخلی: انکر — URL] و فقط در جای طبیعی پیشنهاد بده. حداقل یک لینک به Pillar مرتبط و دو لینک به مقالات هم‌خوشه. لینک خارجی فقط به منابع رسمی و معتبر، در صورت ارزش واقعی.
A12: برنامه تصویر | B12: تصویر را داخل متن تولید نکن؛ اما عنوان تصویر شاخص، پرامپت، ابعاد دقیق ۶۰۰×۴۰۰، نام فایل WebP و alt را عیناً از بریف مقاله در بخش برنامه تصویر درج کن.
A13: خروجی Word | B13: در صورت درخواست فایل Word: بدون Header و Footer، با Heading Style صحیح، فاصله خطوط ۲.۲، پاراگراف‌های خوانا، فهرست‌های استاندارد و جدول‌های حرفه‌ای تحویل بده.
A14: کنترل نهایی | B14: پیش از تحویل بررسی کن: پاسخ کامل به نیت، ساختار، استفاده طبیعی keyword، منابع، FAQ، جمع‌بندی، سه لینک داخلی، CTA، URL فارسی، تصویر ۶۰۰×۴۰۰، نام فایل و alt.
A15: قالب خروجی | B15: ۱) متادیتای SEO و URL فارسی ۲) H1 و مقدمه ۳) بدنه با H2/H3 ۴) جدول/چک‌لیست مفید ۵) FAQ ۶) جمع‌بندی و CTA ۷) سه لینک داخلی پیشنهادی ۸) برنامه تصویر شاخص ۶۰۰×۴۰۰
