Workbook

Sheet راهنما
A1: راهنمای استفاده از فایل
A2: این فایل برای برنامه‌ریزی، نگارش، انتشار و بهینه‌سازی مستمر محتوای فارسی ElecIO طراحی شده است.
A4: ۱. داده واقعی وارد کنید | B4: در «نقشه کیورد»، حجم جست‌وجو، سختی، رتبه، کلیک و ایمپرشن را فقط از Google Search Console، Keyword Planner یا ابزار معتبر وارد کنید.
A5: ۲. اولویت را تعیین کنید | B5: ابتدا موضوعات با نیت تجاری، ارتباط مستقیم با محصول و شکاف محتوایی واقعی را انتخاب کنید. داشبورد وضعیت را خلاصه می‌کند.
A6: ۳. بریف بسازید | B6: در «بریف مقاله» شناسه‌ای مثل EC-006 را انتخاب کنید؛ عنوان، کیورد، متا، ساختار و لینک‌ها خودکار نمایش داده می‌شوند. خانه‌های زرد را تیم فنی/سئو تکمیل کند.
A7: ۴. پرامپت را استفاده کنید | B7: پرامپت اختصاصی را با داده‌های بریف کامل کنید. در موضوعات فنی، کاتالوگ و تأیید تیم محصول باید بر متن AI مقدم باشد.
A8: ۵. کنترل کیفیت | B8: قبل از انتشار تمام موارد وزن ۵ در چک‌لیست باید تأیید شوند. سپس نگارش، موبایل، لینک‌ها و متادیتا بررسی شود.
A9: ۶. لینک‌سازی | B9: هر مقاله به صفحه Pillar مرتبط و دو مقاله هم‌خوشه لینک بدهد. انکر را طبیعی و متنوع انتخاب کنید.
A10: ۷. پس از انتشار | B10: لینک انتشار، وضعیت، درصد پیشرفت و تاریخ به‌روزرسانی را ثبت کنید؛ پس از ۲۸ تا ۴۲ روز داده GSC را بررسی و محتوا را بهبود دهید.
A11: قاعده مهم | B11: این فایل پیشنهاد استراتژیک است، نه داده تحقیق کیورد. حجم و رتبه تخمینی ساخته نشده و باید با داده واقعی بازار ایران تکمیل شود.

Sheet _lists
A1: ایده | B1: خیلی بالا | C1: اطلاعاتی | D1: آگاهی | E1: بله | F1: تأیید | G1: راهنمای جامع
A2: در انتظار بریف | B2: بالا | C2: تجاری | D2: بررسی | E2: خیر | F2: نیازمند اصلاح | G2: آموزش فنی
A3: در حال تحقیق | B3: متوسط | C3: خرید | D3: تصمیم | E3: نامشخص | F3: بررسی نشده | G3: راهنمای خرید
A4: در حال نگارش | B4: پایین | C4: پشتیبانی | D4: پس از خرید | F4: نامرتبط | G4: مقایسه
A5: در حال ویرایش | C5: برند/خرید | G5: عیب‌یابی
A6: آماده انتشار | C6: اطلاعاتی/تجاری | G6: کاربرد صنعتی
A7: زمان‌بندی‌شده
A8: منتشرشده
A9: نیازمند به‌روزرسانی

Sheet داشبورد
A1: داشبورد برنامه محتوای سئو ElecIO
A2: نمای کلی برنامه، پیشرفت انتشار و تمرکز خوشه‌های محتوایی — اعداد رتبه و حجم جست‌وجو باید از ابزار واقعی وارد شوند.
B4: کل موضوعات | C4: =COUNTA('تقویم محتوا'!A4:A200) | E4: منتشرشده | F4: =COUNTIF('تقویم محتوا'!Z4:Z200,"منتشرشده") | H4: آماده/زمان‌بندی | I4: =COUNTIF('تقویم محتوا'!Z4:Z200,"آماده انتشار")+COUNTIF('تقویم محتوا'!Z4:Z200,"زمان‌بندی‌شده")
B7: اولویت بالا | C7: =COUNTIF('تقویم محتوا'!AA4:AA200,"بالا")+COUNTIF('تقویم محتوا'!AA4:AA200,"خیلی بالا") | E7: میانگین پیشرفت | F7: =IFERROR(AVERAGE('تقویم محتوا'!AB4:AB200),0) | H7: کیوردهای ثبت‌شده | I7: =COUNTA('نقشه کیورد'!B4:B250)
B11: وضعیت | C11: تعداد
B12: ایده | C12: =COUNTIF('تقویم محتوا'!$Z$4:$Z$200,B12)
B13: در انتظار بریف | C13: =COUNTIF('تقویم محتوا'!$Z$4:$Z$200,B13)
B14: در حال تحقیق | C14: =COUNTIF('تقویم محتوا'!$Z$4:$Z$200,B14)
B15: در حال نگارش | C15: =COUNTIF('تقویم محتوا'!$Z$4:$Z$200,B15)
B16: در حال ویرایش | C16: =COUNTIF('تقویم محتوا'!$Z$4:$Z$200,B16)
B17: آماده انتشار | C17: =COUNTIF('تقویم محتوا'!$Z$4:$Z$200,B17)
B18: زمان‌بندی‌شده | C18: =COUNTIF('تقویم محتوا'!$Z$4:$Z$200,B18)
B19: منتشرشده | C19: =COUNTIF('تقویم محتوا'!$Z$4:$Z$200,B19)
B20: نیازمند به‌روزرسانی | C20: =COUNTIF('تقویم محتوا'!$Z$4:$Z$200,B20)
B23: خوشه | C23: تعداد
B24: آموزش پایه | C24: =COUNTIF('تقویم محتوا'!$D$4:$D$200,B24)
B25: ارتباط سریال | C25: =COUNTIF('تقویم محتوا'!$D$4:$D$200,B25)
B26: اعتماد و برند | C26: =COUNTIF('تقویم محتوا'!$D$4:$D$200,B26)
B27: اقتصاد تولید | C27: =COUNTIF('تقویم محتوا'!$D$4:$D$200,B27)
B28: امنیت و پشتیبان‌گیری | C28: =COUNTIF('تقویم محتوا'!$D$4:$D$200,B28)
B29: انتقال فایل و DNC | C29: =COUNTIF('تقویم محتوا'!$D$4:$D$200,B29)
B30: تحول دیجیتال | C30: =COUNTIF('تقویم محتوا'!$D$4:$D$200,B30)
B31: سازگاری کنترلر | C31: =COUNTIF('تقویم محتوا'!$D$4:$D$200,B31)
B32: شبکه صنعتی | C32: =COUNTIF('تقویم محتوا'!$D$4:$D$200,B32)
B33: عیب‌یابی | C33: =COUNTIF('تقویم محتوا'!$D$4:$D$200,B33)
B34: مدیریت برنامه | C34: =COUNTIF('تقویم محتوا'!$D$4:$D$200,B34)
B35: مقایسه و انتخاب | C35: =COUNTIF('تقویم محتوا'!$D$4:$D$200,B35)
... B41: گزارش و بهره‌وری | C41: =COUNTIF('تقویم محتوا'!$D$4:$D$200,B41)

Sheet نقشه کیورد
A1: نقشه کلمات کلیدی ElecIO
A2: حجم، سختی، رتبه و داده‌های Search Console خالی‌اند تا فقط از منابع واقعی پر شوند؛ ستون‌های استراتژیک از موضوعات سایت آماده شده‌اند.
A3: شناسه | B3: کلمه کلیدی اصلی | C3: خوشه موضوعی | D3: کلمات مرتبط | E3: نیت جست‌وجو | F3: مرحله قیف | G3: نوع محتوای پیشنهادی | H3: صفحه هدف/پیلار | I3: اولویت | J3: منبع داده | K3: حجم جست‌وجوی ماهانه | L3: سختی کیورد | M3: رتبه فعلی | N3: رتبه هدف | O3: کلیک GSC | P3: ایمپرشن GSC | Q3: CTR | R3: ریسک هم‌نوع‌خواری | S3: شناسه محتوا | T3: آخرین بررسی | U3: یادداشت
A4: KW-001 | B4: انتقال فایل CNC | C4: انتقال فایل و DNC | D4: انتقال برنامه CNC، ارسال فایل NC، شبکه CNC | E4: اطلاعاتی | F4: آگاهی | G4: آموزش فنی | H4: /fa/product | I4: بالا | J4: نیاز به تحقیق در GSC / Keyword Planner | N4: 10 | R4: نامشخص | S4: EC-001
A5: KW-002 | B5: تنظیم RS232 فانوک | C5: کنترلر FANUC | D5: پارامتر RS232 فانوک، baud rate فانوک، کابل سریال CNC | E5: اطلاعاتی | F5: آگاهی | G5: آموزش فنی | H5: /fa/product | I5: بالا | J5: نیاز به تحقیق در GSC / Keyword Planner | N5: 10 | R5: نامشخص | S5: EC-002
A6: KW-003 | B6: انتقال برنامه زیمنس | C6: کنترلر Siemens | D6: Siemens CNC network، انتقال فایل Sinumerik، DNC زیمنس | E6: اطلاعاتی | F6: آگاهی | G6: آموزش فنی | H6: /fa/product | I6: بالا | J6: نیاز به تحقیق در GSC / Keyword Planner | N6: 10 | R6: نامشخص | S6: EC-003
A7: KW-004 | B7: بکاپ برنامه CNC | C7: امنیت و پشتیبان‌گیری | D7: پشتیبان گیری CNC، آرشیو G-code، امنیت فایل CNC | E7: اطلاعاتی | F7: آگاهی | G7: راهنمای جامع | H7: /fa/product | I7: بالا | J7: نیاز به تحقیق در GSC / Keyword Planner | N7: 10 | R7: نامشخص | S7: EC-004
A8: KW-005 | B8: گزارش توقف دستگاه CNC | C8: گزارش و بهره‌وری | D8: دلایل توقف CNC، گزارش تولید، زمان کارکرد دستگاه | E8: اطلاعاتی | F8: آگاهی | G8: کاربرد صنعتی | H8: /fa/software | I8: بالا | J8: نیاز به تحقیق در GSC / Keyword Planner | N8: 10 | R8: نامشخص | S8: EC-005
A9: KW-006 | B9: DNC چیست | C9: انتقال فایل و DNC | D9: سیستم DNC، نرم افزار DNC، شبکه دستگاه CNC | E9: اطلاعاتی | F9: آگاهی | G9: راهنمای جامع | H9: /fa/product | I9: بالا | J9: نیاز به تحقیق در GSC / Keyword Planner | N9: 10 | R9: نامشخص | S9: EC-006
A10: KW-007 | B10: دستگاه DNC | C10: انتقال فایل و DNC | D10: سخت افزار DNC، انتقال فایل بی سیم CNC، DNC صنعتی | E10: تجاری | F10: بررسی | G10: راهنمای خرید | H10: /fa/product | I10: بالا | J10: نیاز به تحقیق در GSC / Keyword Planner | N10: 10 | R10: نامشخص | S10: EC-007
A11: KW-008 | B11: نرم افزار DNC | C11: انتقال فایل و DNC | D11: مدیریت فایل CNC، نرم افزار انتقال برنامه، DNC server | E11: تجاری | F11: بررسی | G11: راهنمای خرید | H11: /fa/software | I11: بالا | J11: نیاز به تحقیق در GSC / Keyword Planner | N11: 10 | R11: نامشخص | S11: EC-008
A12: KW-009 | B12: قیمت دستگاه DNC | C12: انتقال فایل و DNC | D12: هزینه DNC، خرید DNC، قیمت انتقال فایل CNC | E12: خرید | F12: تصمیم | G12: راهنمای خرید | H12: /fa/product | I12: بالا | J12: نیاز به تحقیق در GSC / Keyword Planner | N12: 10 | R12: نامشخص | S12: EC-009
A13: KW-010 | B13: خرید DNC | C13: انتقال فایل و DNC | D13: بهترین DNC، انتخاب DNC، DNC برای چند دستگاه | E13: خرید | F13: تصمیم | G13: راهنمای خرید | H13: /fa/product | I13: بالا | J13: نیاز به تحقیق در GSC / Keyword Planner | N13: 10 | R13: نامشخص | S13: EC-010
A14: KW-011 | B14: انتقال فایل CNC بدون فلش | C14: انتقال فایل و DNC | D14: حذف فلش از CNC، انتقال وایرلس CNC، ویروس CNC | E14: اطلاعاتی/تجاری | F14: بررسی | G14: مقایسه | H14: /fa/product | I14: بالا | J14: نیاز به تحقیق در GSC / Keyword Planner | N14: 10 | R14: نامشخص | S14: EC-011
A15: KW-012 | B15: انتقال وایرلس CNC | C15: شبکه صنعتی | D15: Wi-Fi CNC، ارسال بی سیم فایل CNC، شبکه کارگاه | E15: اطلاعاتی | F15: آگاهی | G15: راهنمای جامع | H15: /fa/product | I15: بالا | J15: نیاز به تحقیق در GSC / Keyword Planner | N15: 10 | R15: نامشخص | S15: EC-012
... A63: KW-060 | B63: ElecIO Smart DNC | C63: اعتماد و برند | D63: الکسیو DNC، دستگاه انتقال فایل CNC، Smart DNC | E63: برند/خرید | F63: تصمیم | G63: راهنمای خرید | H63: /fa/product | I63: بالا | J63: نیاز به تحقیق در GSC / Keyword Planner | N63: 10 | R63: نامشخص | S63: EC-060

Sheet تقویم محتوا
A1: تقویم اجرایی محتوای سئو
A2: ۶۰ موضوع اولویت‌بندی‌شده برای ۱۲ هفته؛ تاریخ‌ها و مسئول‌ها قابل ویرایش‌اند. پنج مقاله موجود در ابتدای برنامه ثبت شده‌اند.
A3: شناسه | B3: هفته | C3: روز انتشار | D3: خوشه | E3: عنوان مقاله | F3: کیورد اصلی | G3: کیوردهای فرعی | H3: نیت | I3: مرحله قیف | J3: فرمت | K3: SEO Title | L3: طول Title | M3: Meta Description | N3: طول Meta | O3: Slug پیشنهادی | P3: H1 | Q3: H2های پیشنهادی | R3: لینک‌های داخلی | S3: منبع ضروری | T3: CTA | U3: هدف محتوا | V3: مسئول | W3: تاریخ بریف | X3: موعد انتشار | Y3: لینک انتشار | Z3: وضعیت | AA3: اولویت | AB3: درصد پیشرفت | AC3: آخرین به‌روزرسانی | AD3: یادداشت ویراستار
A4: EC-001 | B4: هفته 1 | C4: شنبه | D4: انتقال فایل و DNC | E4: راهنمای کامل انتقال فایل CNC بدون فلش و رفت‌وآمد | F4: انتقال فایل CNC | G4: انتقال برنامه CNC، ارسال فایل NC، شبکه CNC | H4: اطلاعاتی | I4: آگاهی | J4: آموزش فنی | K4: راهنمای کامل انتقال فایل CNC بدون فلش و رفت‌وآمد | L4: =LEN(K4) | M4: در این راهنمای تخصصی، انتقال فایل CNC را با تمرکز بر کاربرد واقعی در کارگاه CNC، نکات فنی، خطاهای رایج و روش انتخاب یا اجرای مطمئن بررسی می‌کنیم. | N4: =LEN(M4) | O4: antghal-fayl-cnc | P4: راهنمای کامل انتقال فایل CNC بدون فلش و رفت‌وآمد | Q4: پیش‌نیازهای انتقال فایل CNC تنظیمات لازم در کنترلر و سمت شبکه مراحل اجرا به‌صورت گام‌به‌گام خطاهای متداول و روش عیب‌یابی نکات امنیتی و نگهداری سؤالات متداول | R4: /fa/product | صفحه محصول: /fa/product | تماس: /fa/contact | S4: کاتالوگ + تجربه فنی ElecIO | T4: دریافت مشاوره فنی | U4: پوشش نیت «اطلاعاتی» و هدایت کاربر به /fa/product | X4: 46249 | Y4: /fa/blog/cnc-file-transfer-guide | Z4: منتشرشده | AA4: بالا | AB4: 1 | AC4: 46247 | AD4: مقاله کامل و عمیق (حدود 3800 کلمه)، اسکیما TechArticle+FAQPage.
A5: EC-002 | B5: هفته 1 | C5: یکشنبه | D5: کنترلر FANUC | E5: چک‌لیست تنظیم RS232 فانوک برای انتقال مطمئن برنامه | F5: تنظیم RS232 فانوک | G5: پارامتر RS232 فانوک، baud rate فانوک، کابل سریال CNC | H5: اطلاعاتی | I5: آگاهی | J5: آموزش فنی | K5: چک‌لیست تنظیم RS232 فانوک برای انتقال مطمئن برنامه | L5: =LEN(K5) | M5: در این راهنمای تخصصی، تنظیم RS232 فانوک را با تمرکز بر کاربرد واقعی در کارگاه CNC، نکات فنی، خطاهای رایج و روش انتخاب یا اجرای مطمئن بررسی می‌کنیم. | N5: =LEN(M5) | O5: tnzym-rs232-fanvk | P5: چک‌لیست تنظیم RS232 فانوک برای انتقال مطمئن برنامه | Q5: پیش‌نیازهای تنظیم RS232 فانوک تنظیمات لازم در کنترلر و سمت شبکه مراحل اجرا به‌صورت گام‌به‌گام خطاهای متداول و روش عیب‌یابی نکات امنیتی و نگهداری سؤالات متداول | R5: /fa/product | صفحه محصول: /fa/product | تماس: /fa/contact | S5: کاتالوگ + تجربه فنی ElecIO | T5: دریافت مشاوره فنی | U5: پوشش نیت «اطلاعاتی» و هدایت کاربر به /fa/product | X5: 46250 | Y5: /fa/blog/fanuc-rs232-checklist | Z5: منتشرشده | AA5: بالا | AB5: 1 | AC5: 46247 | AD5: منتشرشده اما کوتاه (حدود 140 کلمه)، فاقد Focus Keyword ثبت‌شده. نیازمند Expand طبق بخش 5 برنامه قبل از ارتقای Schema.
A6: EC-003 | B6: هفته 1 | C6: دوشنبه | D6: کنترلر Siemens | E6: انتقال برنامه زیمنس به CNC؛ مسیر شبکه و نکات سازگاری | F6: انتقال برنامه زیمنس | G6: Siemens CNC network، انتقال فایل Sinumerik، DNC زیمنس | H6: اطلاعاتی | I6: آگاهی | J6: آموزش فنی | K6: انتقال برنامه زیمنس به CNC | مسیر شبکه و نکات سازگاری | L6: =LEN(K6) | M6: در این راهنمای تخصصی، انتقال برنامه زیمنس را با تمرکز بر کاربرد واقعی در کارگاه CNC، نکات فنی، خطاهای رایج و روش انتخاب یا اجرای مطمئن بررسی می‌کنیم. | N6: =LEN(M6) | O6: antghal-brnamh-zymns | P6: انتقال برنامه زیمنس به CNC؛ مسیر شبکه و نکات سازگاری | Q6: پیش‌نیازهای انتقال برنامه زیمنس تنظیمات لازم در کنترلر و سمت شبکه مراحل اجرا به‌صورت گام‌به‌گام خطاهای متداول و روش عیب‌یابی نکات امنیتی و نگهداری سؤالات متداول | R6: /fa/product | صفحه محصول: /fa/product | تماس: /fa/contact | S6: کاتالوگ + تجربه فنی ElecIO | T6: دریافت مشاوره فنی | U6: پوشش نیت «اطلاعاتی» و هدایت کاربر به /fa/product | X6: 46251 | Y6: /fa/blog/siemens-program-transfer-workflow | Z6: منتشرشده | AA6: بالا | AB6: 1 | AC6: 46247 | AD6: منتشرشده اما کوتاه (حدود 140 کلمه)، فاقد Focus Keyword ثبت‌شده. نیازمند Expand.
A7: EC-004 | B7: هفته 1 | C7: سه‌شنبه | D7: امنیت و پشتیبان‌گیری | E7: بکاپ برنامه CNC؛ اصول امنیت، نسخه‌بندی و بازیابی | F7: بکاپ برنامه CNC | G7: پشتیبان گیری CNC، آرشیو G-code، امنیت فایل CNC | H7: اطلاعاتی | I7: آگاهی | J7: راهنمای جامع | K7: بکاپ برنامه CNC | اصول امنیت، نسخه‌بندی و بازیابی | L7: =LEN(K7) | M7: در این راهنمای تخصصی، بکاپ برنامه CNC را با تمرکز بر کاربرد واقعی در کارگاه CNC، نکات فنی، خطاهای رایج و روش انتخاب یا اجرای مطمئن بررسی می‌کنیم. | N7: =LEN(M7) | O7: bkap-brnamh-cnc | P7: بکاپ برنامه CNC؛ اصول امنیت، نسخه‌بندی و بازیابی | Q7: بکاپ برنامه CNC چیست و چه مسئله‌ای را حل می‌کند؟ اجزای اصلی و پیش‌نیازهای فنی مراحل راه‌اندازی و استفاده درست اشتباهات رایج و روش پیشگیری چک‌لیست انتخاب یا اجرای مطمئن سؤالات متداول | R7: /fa/product | صفحه محصول: /fa/product | تماس: /fa/contact | S7: کاتالوگ + تجربه فنی ElecIO | T7: دریافت مشاوره فنی | U7: پوشش نیت «اطلاعاتی» و هدایت کاربر به /fa/product | X7: 46252 | Y7: /fa/blog/cnc-backup-security-basics | Z7: منتشرشده | AA7: بالا | AB7: 1 | AC7: 46247 | AD7: منتشرشده اما کوتاه (حدود 140 کلمه)، فاقد Focus Keyword ثبت‌شده. نیازمند Expand.
A8: EC-005 | B8: هفته 1 | C8: چهارشنبه | D8: گزارش و بهره‌وری | E8: گزارش توقف دستگاه CNC؛ تبدیل داده خام به تصمیم تولید | F8: گزارش توقف دستگاه CNC | G8: دلایل توقف CNC، گزارش تولید، زمان کارکرد دستگاه | H8: اطلاعاتی | I8: آگاهی | J8: کاربرد صنعتی | K8: گزارش توقف دستگاه CNC | تبدیل داده خام به تصمیم تولید | L8: =LEN(K8) | M8: در این راهنمای تخصصی، گزارش توقف دستگاه CNC را با تمرکز بر کاربرد واقعی در کارگاه CNC، نکات فنی، خطاهای رایج و روش انتخاب یا اجرای مطمئن بررسی می‌کنیم. | N8: =LEN(M8) | O8: gzarsh-tvghf-dstgah-cnc | P8: گزارش توقف دستگاه CNC؛ تبدیل داده خام به تصمیم تولید | Q8: چرا گزارش توقف دستگاه CNC برای کارگاه CNC مهم است؟ سناریوی واقعی قبل و بعد از اجرا اثر بر زمان، خطا و دسترس‌پذیری تولید الزامات اجرا در مقیاس کوچک و بزرگ شاخص‌های سنجش نتیجه سؤالات متداول | R8: /fa/software | صفحه محصول: /fa/product | تماس: /fa/contact | S8: کاتالوگ + تجربه فنی ElecIO | T8: دریافت مشاوره فنی | U8: پوشش نیت «اطلاعاتی» و هدایت کاربر به /fa/software | X8: 46253 | Y8: /fa/blog/cnc-downtime-reporting-guide | Z8: منتشرشده | AA8: بالا | AB8: 1 | AC8: 46247 | AD8: منتشرشده اما کوتاه (حدود 140 کلمه)، فاقد Focus Keyword ثبت‌شده. نیازمند Expand.
A9: EC-006 | B9: هفته 2 | C9: شنبه | D9: انتقال فایل و DNC | E9: DNC چیست و چرا کارگاه‌های CNC به آن نیاز دارند؟ | F9: DNC چیست | G9: سیستم DNC، نرم افزار DNC، شبکه دستگاه CNC | H9: اطلاعاتی | I9: آگاهی | J9: راهنمای جامع | K9: DNC چیست و چرا کارگاه‌های CNC به آن نیاز دارند | L9: =LEN(K9) | M9: در این راهنمای تخصصی، DNC چیست را با تمرکز بر کاربرد واقعی در کارگاه CNC، نکات فنی، خطاهای رایج و روش انتخاب یا اجرای مطمئن بررسی می‌کنیم. | N9: =LEN(M9) | O9: dnc-chyst | P9: DNC چیست و چرا کارگاه‌های CNC به آن نیاز دارند؟ | Q9: DNC چیست چیست و چه مسئله‌ای را حل می‌کند؟ اجزای اصلی و پیش‌نیازهای فنی مراحل راه‌اندازی و استفاده درست اشتباهات رایج و روش پیشگیری چک‌لیست انتخاب یا اجرای مطمئن سؤالات متداول | R9: /fa/product | صفحه محصول: /fa/product | تماس: /fa/contact | S9: کاتالوگ + تجربه فنی ElecIO | T9: دریافت مشاوره فنی | U9: پوشش نیت «اطلاعاتی» و هدایت کاربر به /fa/product | X9: 46256 | Z9: ایده | AA9: بالا | AB9: 0
A10: EC-007 | B10: هفته 2 | C10: یکشنبه | D10: انتقال فایل و DNC | E10: دستگاه DNC چگونه انتقال برنامه CNC را ساده می‌کند؟ | F10: دستگاه DNC | G10: سخت افزار DNC، انتقال فایل بی سیم CNC، DNC صنعتی | H10: تجاری | I10: بررسی | J10: راهنمای خرید | K10: دستگاه DNC چگونه انتقال برنامه CNC را ساده می‌کند | L10: =LEN(K10) | M10: در این راهنمای تخصصی، دستگاه DNC را با تمرکز بر کاربرد واقعی در کارگاه CNC، نکات فنی، خطاهای رایج و روش انتخاب یا اجرای مطمئن بررسی می‌کنیم. | N10: =LEN(M10) | O10: dstgah-dnc | P10: دستگاه DNC چگونه انتقال برنامه CNC را ساده می‌کند؟ | Q10: قبل از انتخاب دستگاه DNC چه چیزهایی را مشخص کنیم؟ معیارهای فنی مؤثر در انتخاب سازگاری با کنترلرها و زیرساخت کارگاه هزینه کل مالکیت و بازگشت سرمایه چک‌لیست دریافت مشاوره و استعلام سؤالات متداول | R10: /fa/product | صفحه محصول: /fa/product | تماس: /fa/contact | S10: کاتالوگ + تجربه فنی ElecIO | T10: دریافت مشاوره فنی | U10: پوشش نیت «تجاری» و هدایت کاربر به /fa/product | X10: 46257 | Z10: ایده | AA10: بالا | AB10: 0
A11: EC-008 | B11: هفته 2 | C11: دوشنبه | D11: انتقال فایل و DNC | E11: نرم افزار DNC چه امکاناتی برای مدیریت برنامه‌های CNC لازم دارد؟ | F11: نرم افزار DNC | G11: مدیریت فایل CNC، نرم افزار انتقال برنامه، DNC server | H11: تجاری | I11: بررسی | J11: راهنمای خرید | K11: نرم افزار DNC | راهنمای تخصصی ElecIO | L11: =LEN(K11) | M11: در این راهنمای تخصصی، نرم افزار DNC را با تمرکز بر کاربرد واقعی در کارگاه CNC، نکات فنی، خطاهای رایج و روش انتخاب یا اجرای مطمئن بررسی می‌کنیم. | N11: =LEN(M11) | O11: nrm-afzar-dnc | P11: نرم افزار DNC چه امکاناتی برای مدیریت برنامه‌های CNC لازم دارد؟ | Q11: قبل از انتخاب نرم افزار DNC چه چیزهایی را مشخص کنیم؟ معیارهای فنی مؤثر در انتخاب سازگاری با کنترلرها و زیرساخت کارگاه هزینه کل مالکیت و بازگشت سرمایه چک‌لیست دریافت مشاوره و استعلام سؤالات متداول | R11: /fa/software | صفحه محصول: /fa/product | تماس: /fa/contact | S11: کاتالوگ + تجربه فنی ElecIO | T11: دریافت مشاوره فنی | U11: پوشش نیت «تجاری» و هدایت کاربر به /fa/software | X11: 46258 | Z11: ایده | AA11: بالا | AB11: 0
A12: EC-009 | B12: هفته 2 | C12: سه‌شنبه | D12: انتقال فایل و DNC | E12: قیمت دستگاه DNC به چه عواملی بستگی دارد؟ | F12: قیمت دستگاه DNC | G12: هزینه DNC، خرید DNC، قیمت انتقال فایل CNC | H12: خرید | I12: تصمیم | J12: راهنمای خرید | K12: قیمت دستگاه DNC به چه عواملی بستگی دارد | L12: =LEN(K12) | M12: در این راهنمای تخصصی، قیمت دستگاه DNC را با تمرکز بر کاربرد واقعی در کارگاه CNC، نکات فنی، خطاهای رایج و روش انتخاب یا اجرای مطمئن بررسی می‌کنیم. | N12: =LEN(M12) | O12: ghymt-dstgah-dnc | P12: قیمت دستگاه DNC به چه عواملی بستگی دارد؟ | Q12: قبل از انتخاب قیمت دستگاه DNC چه چیزهایی را مشخص کنیم؟ معیارهای فنی مؤثر در انتخاب سازگاری با کنترلرها و زیرساخت کارگاه هزینه کل مالکیت و بازگشت سرمایه چک‌لیست دریافت مشاوره و استعلام سؤالات متداول | R12: /fa/product | صفحه محصول: /fa/product | تماس: /fa/contact | S12: کاتالوگ + تجربه فنی ElecIO | T12: استعلام قیمت Smart DNC | U12: پوشش نیت «خرید» و هدایت کاربر به /fa/product | X12: 46259 | Z12: ایده | AA12: بالا | AB12: 0
A13: EC-010 | B13: هفته 2 | C13: چهارشنبه | D13: انتقال فایل و DNC | E13: راهنمای خرید DNC برای کارگاه و کارخانه CNC | F13: خرید DNC | G13: بهترین DNC، انتخاب DNC، DNC برای چند دستگاه | H13: خرید | I13: تصمیم | J13: راهنمای خرید | K13: راهنمای خرید DNC برای کارگاه و کارخانه CNC | L13: =LEN(K13) | M13: در این راهنمای تخصصی، خرید DNC را با تمرکز بر کاربرد واقعی در کارگاه CNC، نکات فنی، خطاهای رایج و روش انتخاب یا اجرای مطمئن بررسی می‌کنیم. | N13: =LEN(M13) | O13: khryd-dnc | P13: راهنمای خرید DNC برای کارگاه و کارخانه CNC | Q13: قبل از انتخاب خرید DNC چه چیزهایی را مشخص کنیم؟ معیارهای فنی مؤثر در انتخاب سازگاری با کنترلرها و زیرساخت کارگاه هزینه کل مالکیت و بازگشت سرمایه چک‌لیست دریافت مشاوره و استعلام سؤالات متداول | R13: /fa/product | صفحه محصول: /fa/product | تماس: /fa/contact | S13: کاتالوگ + تجربه فنی ElecIO | T13: مشاوره انتخاب Smart DNC | U13: پوشش نیت «خرید» و هدایت کاربر به /fa/product | X13: 46260 | Z13: ایده | AA13: بالا | AB13: 0
A14: EC-011 | B14: هفته 3 | C14: شنبه | D14: انتقال فایل و DNC | E14: چرا انتقال فایل CNC بدون فلش امن‌تر و سریع‌تر است؟ | F14: انتقال فایل CNC بدون فلش | G14: حذف فلش از CNC، انتقال وایرلس CNC، ویروس CNC | H14: اطلاعاتی/تجاری | I14: بررسی | J14: مقایسه | K14: چرا انتقال فایل CNC بدون فلش امن‌تر و سریع‌تر است | L14: =LEN(K14) | M14: در این راهنمای تخصصی، انتقال فایل CNC بدون فلش را با تمرکز بر کاربرد واقعی در کارگاه CNC، نکات فنی، خطاهای رایج و روش انتخاب یا اجرای مطمئن بررسی می‌کنیم. | N14: =LEN(M14) | O14: antghal-fayl-cnc-bdvn-flsh | P14: چرا انتقال فایل CNC بدون فلش امن‌تر و سریع‌تر است؟ | Q14: تعریف گزینه‌های مورد مقایسه در انتقال فایل CNC بدون فلش مقایسه سرعت، امنیت و قابلیت اطمینان مقایسه هزینه اجرا و نگهداری هر روش برای چه نوع کارگاهی مناسب است؟ جدول تصمیم‌گیری نهایی سؤالات متداول | R14: /fa/product | صفحه محصول: /fa/product | تماس: /fa/contact | S14: کاتالوگ + تجربه فنی ElecIO | T14: دریافت مشاوره فنی | U14: پوشش نیت «اطلاعاتی/تجاری» و هدایت کاربر به /fa/product | X14: 46263 | Z14: ایده | AA14: بالا | AB14: 0
A15: EC-012 | B15: هفته 3 | C15: یکشنبه | D15: شبکه صنعتی | E15: انتقال وایرلس CNC؛ مزایا، محدودیت‌ها و روش اجرا | F15: انتقال وایرلس CNC | G15: Wi-Fi CNC، ارسال بی سیم فایل CNC، شبکه کارگاه | H15: اطلاعاتی | I15: آگاهی | J15: راهنمای جامع | K15: انتقال وایرلس CNC | مزایا، محدودیت‌ها و روش اجرا | L15: =LEN(K15) | M15: در این راهنمای تخصصی، انتقال وایرلس CNC را با تمرکز بر کاربرد واقعی در کارگاه CNC، نکات فنی، خطاهای رایج و روش انتخاب یا اجرای مطمئن بررسی می‌کنیم. | N15: =LEN(M15) | O15: antghal-vayrls-cnc | P15: انتقال وایرلس CNC؛ مزایا، محدودیت‌ها و روش اجرا | Q15: انتقال وایرلس CNC چیست و چه مسئله‌ای را حل می‌کند؟ اجزای اصلی و پیش‌نیازهای فنی مراحل راه‌اندازی و استفاده درست اشتباهات رایج و روش پیشگیری چک‌لیست انتخاب یا اجرای مطمئن سؤالات متداول | R15: /fa/product | صفحه محصول: /fa/product | تماس: /fa/contact | S15: کاتالوگ + تجربه فنی ElecIO | T15: دریافت مشاوره فنی | U15: پوشش نیت «اطلاعاتی» و هدایت کاربر به /fa/product | X15: 46264 | Z15: ایده | AA15: بالا | AB15: 0
A16: EC-013 | B16: هفته 3 | C16: دوشنبه | D16: شبکه صنعتی | E16: شبکه CNC چیست و چگونه چند دستگاه را متصل می‌کند؟ | F16: شبکه CNC | G16: اتصال CNC به شبکه، شبکه صنعتی، DNC network | H16: اطلاعاتی | I16: آگاهی | J16: راهنمای جامع | K16: شبکه CNC چیست و چگونه چند دستگاه را متصل می‌کند | L16: =LEN(K16) | M16: در این راهنمای تخصصی، شبکه CNC را با تمرکز بر کاربرد واقعی در کارگاه CNC، نکات فنی، خطاهای رایج و روش انتخاب یا اجرای مطمئن بررسی می‌کنیم. | N16: =LEN(M16) | O16: shbkh-cnc | P16: شبکه CNC چیست و چگونه چند دستگاه را متصل می‌کند؟ | Q16: شبکه CNC چیست و چه مسئله‌ای را حل می‌کند؟ اجزای اصلی و پیش‌نیازهای فنی مراحل راه‌اندازی و استفاده درست اشتباهات رایج و روش پیشگیری چک‌لیست انتخاب یا اجرای مطمئن سؤالات متداول | R16: /fa/product | صفحه محصول: /fa/product | تماس: /fa/contact | S16: کاتالوگ + تجربه فنی ElecIO | T16: دریافت مشاوره فنی | U16: پوشش نیت «اطلاعاتی» و هدایت کاربر به /fa/product | X16: 46265 | Z16: ایده | AA16: بالا | AB16: 0
A17: EC-014 | B17: هفته 3 | C17: سه‌شنبه | D17: شبکه صنعتی | E17: اتصال CNC به شبکه؛ راهنمای طراحی از کنترلر تا سرور | F17: اتصال CNC به شبکه | G17: LAN CNC، پورت شبکه CNC، انتقال برنامه تحت شبکه | H17: اطلاعاتی | I17: آگاهی | J17: آموزش فنی | K17: اتصال CNC به شبکه | راهنمای طراحی از کنترلر تا سرور | L17: =LEN(K17) | M17: در این راهنمای تخصصی، اتصال CNC به شبکه را با تمرکز بر کاربرد واقعی در کارگاه CNC، نکات فنی، خطاهای رایج و روش انتخاب یا اجرای مطمئن بررسی می‌کنیم. | N17: =LEN(M17) | O17: atsal-cnc-bh-shbkh | P17: اتصال CNC به شبکه؛ راهنمای طراحی از کنترلر تا سرور | Q17: پیش‌نیازهای اتصال CNC به شبکه تنظیمات لازم در کنترلر و سمت شبکه مراحل اجرا به‌صورت گام‌به‌گام خطاهای متداول و روش عیب‌یابی نکات امنیتی و نگهداری سؤالات متداول | R17: /fa/product | صفحه محصول: /fa/product | تماس: /fa/contact | S17: کاتالوگ + تجربه فنی ElecIO | T17: دریافت مشاوره فنی | U17: پوشش نیت «اطلاعاتی» و هدایت کاربر به /fa/product | X17: 46266 | Z17: ایده | AA17: بالا | AB17: 0
A18: EC-015 | B18: هفته 3 | C18: چهارشنبه | D18: شبکه صنعتی | E18: امنیت شبکه CNC؛ کنترل دسترسی بدون توقف تولید | F18: امنیت شبکه CNC | G18: امنیت صنعتی، جداسازی شبکه CNC، دسترسی فایل NC | H18: اطلاعاتی | I18: آگاهی | J18: راهنمای جامع | K18: امنیت شبکه CNC | کنترل دسترسی بدون توقف تولید | L18: =LEN(K18) | M18: در این راهنمای تخصصی، امنیت شبکه CNC را با تمرکز بر کاربرد واقعی در کارگاه CNC، نکات فنی، خطاهای رایج و روش انتخاب یا اجرای مطمئن بررسی می‌کنیم. | N18: =LEN(M18) | O18: amnyt-shbkh-cnc | P18: امنیت شبکه CNC؛ کنترل دسترسی بدون توقف تولید | Q18: امنیت شبکه CNC چیست و چه مسئله‌ای را حل می‌کند؟ اجزای اصلی و پیش‌نیازهای فنی مراحل راه‌اندازی و استفاده درست اشتباهات رایج و روش پیشگیری چک‌لیست انتخاب یا اجرای مطمئن سؤالات متداول | R18: /fa/software | صفحه محصول: /fa/product | تماس: /fa/contact | S18: کاتالوگ + تجربه فنی ElecIO | T18: دریافت مشاوره فنی | U18: پوشش نیت «اطلاعاتی» و هدایت کاربر به /fa/software | X18: 46267 | Z18: ایده | AA18: بالا | AB18: 0
A19: EC-016 | B19: هفته 4 | C19: شنبه | D19: امنیت و پشتیبان‌گیری | E19: ویروس فلش CNC چه ریسکی برای برنامه و تولید ایجاد می‌کند؟ | F19: ویروس فلش CNC | G19: بدافزار CNC، حذف USB از کارگاه، امنیت فایل G-code | H19: اطلاعاتی | I19: آگاهی | J19: کاربرد صنعتی | K19: ویروس فلش CNC چه ریسکی برای برنامه و تولید ایجاد می‌کند | L19: =LEN(K19) | M19: در این راهنمای تخصصی، ویروس فلش CNC را با تمرکز بر کاربرد واقعی در کارگاه CNC، نکات فنی، خطاهای رایج و روش انتخاب یا اجرای مطمئن بررسی می‌کنیم. | N19: =LEN(M19) | O19: vyrvs-flsh-cnc | P19: ویروس فلش CNC چه ریسکی برای برنامه و تولید ایجاد می‌کند؟ | Q19: چرا ویروس فلش CNC برای کارگاه CNC مهم است؟ سناریوی واقعی قبل و بعد از اجرا اثر بر زمان، خطا و دسترس‌پذیری تولید الزامات اجرا در مقیاس کوچک و بزرگ شاخص‌های سنجش نتیجه سؤالات متداول | R19: /fa/product | صفحه محصول: /fa/product | تماس: /fa/contact | S19: کاتالوگ + تجربه فنی ElecIO | T19: دریافت مشاوره فنی | U19: پوشش نیت «اطلاعاتی» و هدایت کاربر به /fa/product | X19: 46270 | Z19: ایده | AA19: بالا | AB19: 0
A20: EC-017 | B20: هفته 4 | C20: یکشنبه | D20: ارتباط سریال | E20: پورت RS232 در CNC چیست و چگونه کار می‌کند؟ | F20: پورت RS232 CNC | G20: پورت سریال CNC، ارتباط سریال، DB25 CNC | H20: اطلاعاتی | I20: آگاهی | J20: راهنمای جامع | K20: پورت RS232 در CNC چیست و چگونه کار می‌کند | L20: =LEN(K20) | M20: در این راهنمای تخصصی، پورت RS232 CNC را با تمرکز بر کاربرد واقعی در کارگاه CNC، نکات فنی، خطاهای رایج و روش انتخاب یا اجرای مطمئن بررسی می‌کنیم. | N20: =LEN(M20) | O20: pvrt-rs232-cnc | P20: پورت RS232 در CNC چیست و چگونه کار می‌کند؟ | Q20: پورت RS232 CNC چیست و چه مسئله‌ای را حل می‌کند؟ اجزای اصلی و پیش‌نیازهای فنی مراحل راه‌اندازی و استفاده درست اشتباهات رایج و روش پیشگیری چک‌لیست انتخاب یا اجرای مطمئن سؤالات متداول | R20: /fa/product | صفحه محصول: /fa/product | تماس: /fa/contact | S20: کاتالوگ + تجربه فنی ElecIO | T20: دریافت مشاوره فنی | U20: پوشش نیت «اطلاعاتی» و هدایت کاربر به /fa/product | X20: 46271 | Z20: ایده | AA20: متوسط | AB20: 0
... A63: EC-060 | B63: هفته 12 | C63: چهارشنبه | D63: اعتماد و برند | E63: ElecIO Smart DNC چیست و برای چه کارگاهی مناسب است؟ | F63: ElecIO Smart DNC | G63: الکسیو DNC، دستگاه انتقال فایل CNC، Smart DNC | H63: برند/خرید | I63: تصمیم | J63: راهنمای خرید | K63: ElecIO Smart DNC چیست و برای چه کارگاهی مناسب است | L63: =LEN(K63) | M63: در این راهنمای تخصصی، ElecIO Smart DNC را با تمرکز بر کاربرد واقعی در کارگاه CNC، نکات فنی، خطاهای رایج و روش انتخاب یا اجرای مطمئن بررسی می‌کنیم. | N63: =LEN(M63) | O63: elecio-smart-dnc | P63: ElecIO Smart DNC چیست و برای چه کارگاهی مناسب است؟ | Q63: قبل از انتخاب ElecIO Smart DNC چه چیزهایی را مشخص کنیم؟ معیارهای فنی مؤثر در انتخاب سازگاری با کنترلرها و زیرساخت کارگاه هزینه کل مالکیت و بازگشت سرمایه چک‌لیست دریافت مشاوره و استعلام سؤالات متداول | R63: /fa/product | صفحه محصول: /fa/product | تماس: /fa/contact | S63: کاتالوگ رسمی ElecIO + صفحه محصول | T63: سفارش Smart DNC | U63: پوشش نیت «برند/خرید» و هدایت کاربر به /fa/product | X63: 46330 | Z63: ایده | AA63: بالا | AB63: 0

Sheet بریف مقاله
A1: بریف هوشمند مقاله
A2: در سلول B3 شناسه محتوا را انتخاب کنید؛ اطلاعات تقویم خودکار نمایش داده می‌شود. بخش‌های پژوهش و نکات تخصصی را پیش از تحویل به نویسنده تکمیل کنید.
A3: شناسه محتوا | B3: EC-001
A5: عنوان مقاله | B5: =IFERROR(INDEX('تقویم محتوا'!$E:$E,MATCH($B$3,'تقویم محتوا'!$A:$A,0)),"")
A6: کلمه کلیدی اصلی | B6: =IFERROR(INDEX('تقویم محتوا'!$F:$F,MATCH($B$3,'تقویم محتوا'!$A:$A,0)),"")
A7: کلمات فرعی | B7: =IFERROR(INDEX('تقویم محتوا'!$G:$G,MATCH($B$3,'تقویم محتوا'!$A:$A,0)),"")
A8: نیت جست‌وجو | B8: =IFERROR(INDEX('تقویم محتوا'!$H:$H,MATCH($B$3,'تقویم محتوا'!$A:$A,0)),"")
A9: مخاطب اصلی
A10: مسئله/درد مخاطب
A11: پاسخ یا وعده اصلی مقاله
A12: SEO Title | B12: =IFERROR(INDEX('تقویم محتوا'!$K:$K,MATCH($B$3,'تقویم محتوا'!$A:$A,0)),"")
A13: Meta Description | B13: =IFERROR(INDEX('تقویم محتوا'!$M:$M,MATCH($B$3,'تقویم محتوا'!$A:$A,0)),"")
A14: Slug | B14: =IFERROR(INDEX('تقویم محتوا'!$O:$O,MATCH($B$3,'تقویم محتوا'!$A:$A,0)),"")
A15: H1 | B15: =IFERROR(INDEX('تقویم محتوا'!$P:$P,MATCH($B$3,'تقویم محتوا'!$A:$A,0)),"")
A16: ساختار H2 | B16: =IFERROR(INDEX('تقویم محتوا'!$Q:$Q,MATCH($B$3,'تقویم محتوا'!$A:$A,0)),"")
A17: لینک‌های داخلی | B17: =IFERROR(INDEX('تقویم محتوا'!$R:$R,MATCH($B$3,'تقویم محتوا'!$A:$A,0)),"")
A18: منابع ضروری | B18: =IFERROR(INDEX('تقویم محتوا'!$S:$S,MATCH($B$3,'تقویم محتوا'!$A:$A,0)),"")
A19: CTA | B19: =IFERROR(INDEX('تقویم محتوا'!$T:$T,MATCH($B$3,'تقویم محتوا'!$A:$A,0)),"")
A20: زاویه تمایز با رقبا
A21: مثال واقعی/سناریوی کارگاه
A22: جدول‌های ضروری
A23: FAQهای ضروری
A24: ادعاهای نیازمند تأیید
A25: نکات ویراستار

Sheet صفحات هدف
A1: صفحات هدف و Pillar
A2: این شیت مقصد لینک‌سازی و جلوگیری از تولید مقاله‌های رقیب با صفحات تجاری را مشخص می‌کند.
A3: نوع | B3: عنوان صفحه | C3: URL فارسی | D3: نقش در معماری سئو | E3: کیوردهای محوری | F3: CTA اصلی | G3: لینک از خوشه‌ها | H3: وضعیت بررسی
A4: Pillar تجاری | B4: محصول Smart DNC | C4: /fa/product | D4: صفحه اصلی تبدیل برای سخت‌افزار و سازگاری | E4: دستگاه DNC، خرید DNC، Smart DNC | F4: سفارش/مشاوره | G4: انتقال فایل، کنترلرها، مقایسه | H4: بررسی شده
A5: Pillar تجاری | B5: نرم‌افزار ElecIO | C5: /fa/software | D5: تبدیل برای مدیریت فایل و گزارش | E5: نرم افزار DNC، گزارش CNC، مانیتورینگ CNC | F5: درخواست دمو | G5: مدیریت برنامه، گزارش، امنیت | H5: بررسی شده
A6: اعتماد | B6: درباره ما | C6: /fa/about | D6: اعتمادسازی برند و تجربه | E6: ElecIO، شرکت DNC | F6: آشنایی با تیم | G6: برند و مطالعات موردی | H6: بررسی شده
A7: تبدیل | B7: تماس | C7: /fa/contact | D7: ثبت درخواست مشاوره و پشتیبانی | E7: مشاوره CNC، پشتیبانی DNC | F7: ارسال درخواست | G7: عیب‌یابی و تصمیم خرید | H7: بررسی شده
A8: Pillar اطلاعاتی | B8: مجله | C8: /fa/blog | D8: هاب تمام خوشه‌های اطلاعاتی | E8: آموزش CNC، DNC، انتقال فایل | F8: مطالعه مقالات | G8: همه خوشه‌ها | H8: بررسی شده
A9: Persona | B9: مدیران کارگاه | C9: /fa/for/business-owners | D9: پیام ارزش اقتصادی و مدیریتی | E9: کاهش توقف CNC، گزارش تولید | F9: مشاوره کسب‌وکار | G9: گزارش و ROI | H9: بررسی شده
A10: Persona | B10: برنامه‌نویسان CNC | C10: /fa/for/programmers | D10: جزئیات انتقال فایل و کنترلر | E10: انتقال G-code، RS232، DNC | F10: بررسی سازگاری | G10: کنترلرها و انتقال | H10: بررسی شده
A11: Persona | B11: اپراتورها | C11: /fa/for/operators | D11: کار روزمره و کاهش خطا | E11: ارسال برنامه CNC، خطای فایل | F11: مشاهده روش کار | G11: آموزش و عیب‌یابی | H11: بررسی شده

Sheet لینک‌سازی داخلی
A1: نقشه لینک‌سازی داخلی
A2: انکرها را طبیعی و متنوع استفاده کنید؛ هر مقاله باید به Pillar مرتبط و حداقل دو مقاله هم‌خوشه لینک بدهد.
A3: خوشه مبدأ | B3: صفحه/خوشه مقصد | C3: URL مقصد | D3: انکر پیشنهادی ۱ | E3: انکر پیشنهادی ۲ | F3: جایگاه پیشنهادی | G3: هدف لینک | H3: وضعیت
A4: انتقال فایل و DNC | B4: محصول Smart DNC | C4: /fa/product | D4: دستگاه Smart DNC | E4: راهکار انتقال فایل CNC | F4: پس از توضیح راهکارها | G4: تبدیل تجاری | H4: بررسی نشده
A5: مدیریت برنامه | B5: نرم‌افزار ElecIO | C5: /fa/software | D5: نرم‌افزار مدیریت CNC | E5: مدیریت متمرکز فایل‌ها | F5: بخش راهکار | G5: تبدیل تجاری | H5: بررسی نشده
A6: گزارش و بهره‌وری | B6: نرم‌افزار ElecIO | C6: /fa/software | D6: گزارش‌گیری دستگاه CNC | E6: داشبورد تولید ElecIO | F6: پس از معرفی شاخص‌ها | G6: تبدیل تجاری | H6: بررسی نشده
A7: کنترلر FANUC | B7: راهنمای RS232 فانوک | C7: /fa/blog/fanuc-rs232-checklist | D7: تنظیم RS232 فانوک | E7: چک‌لیست ارتباط فانوک | F7: بخش تنظیم کنترلر | G7: عمق موضوعی | H7: بررسی نشده
A8: کنترلر Siemens | B8: راهنمای زیمنس | C8: /fa/blog/siemens-program-transfer-workflow | D8: انتقال برنامه زیمنس | E8: راهنمای شبکه Siemens | F8: بخش کنترلرها | G8: عمق موضوعی | H8: بررسی نشده
A9: امنیت و پشتیبان‌گیری | B9: راهنمای بکاپ CNC | C9: /fa/blog/cnc-backup-security-basics | D9: بکاپ برنامه CNC | E9: امنیت و بازیابی فایل | F9: بخش امنیت | G9: اعتماد/آموزش | H9: بررسی نشده
A10: گزارش و بهره‌وری | B10: راهنمای توقف CNC | C10: /fa/blog/cnc-downtime-reporting-guide | D10: گزارش توقف دستگاه CNC | E10: تحلیل توقف تولید | F10: بخش اندازه‌گیری | G10: عمق موضوعی | H10: بررسی نشده
A11: عیب‌یابی | B11: تماس | C11: /fa/contact | D11: درخواست بررسی فنی | E11: تماس با تیم ElecIO | F11: انتهای عیب‌یابی | G11: تبدیل پشتیبانی | H11: بررسی نشده
A12: اقتصاد تولید | B12: مدیران کارگاه | C12: /fa/for/business-owners | D12: راهکار مدیران کارگاه | E12: کاهش توقف و خطا | F12: بخش ROI | G12: تبدیل Persona | H12: بررسی نشده
A13: آموزش پایه | B13: راهنمای انتقال فایل | C13: /fa/blog/cnc-file-transfer-guide | D13: راهنمای انتقال فایل CNC | E13: روش ارسال فایل NC | F13: پس از تعریف مفاهیم | G13: مسیر مطالعه | H13: بررسی نشده

Sheet کنترل کیفیت
A1: چک‌لیست کنترل کیفیت مقاله
A2: طبق فایل پرامپت: مقاله باید فارسی، حداقل ۱۵۰۰ کلمه، انسان‌محور، مستند، ساختاریافته و آماده انتشار باشد.
A3: ردیف | B3: مرحله | C3: کنترل ضروری | D3: معیار قبولی | E3: وزن | F3: وضعیت | G3: مسئول | H3: یادداشت
A4: 1 | B4: استراتژی | C4: نیت جست‌وجو | D4: مقاله مستقیماً سؤال یا نیاز اصلی کاربر را پاسخ می‌دهد | E4: 5 | F4: بررسی نشده
A5: 2 | B5: استراتژی | C5: عدم هم‌نوع‌خواری | D5: با مقاله یا صفحه تجاری موجود رقابت مستقیم ندارد | E5: 5 | F5: بررسی نشده
A6: 3 | B6: تحقیق | C6: اعتبار منابع | D6: مشخصات از کاتالوگ/مستند رسمی و ادعاها قابل تأییدند | E6: 5 | F6: بررسی نشده
A7: 4 | B7: تحقیق | C7: عدم جعل | D7: هیچ آمار، قیمت، استاندارد یا ادعای رسمی ساخته نشده است | E7: 5 | F7: بررسی نشده
A8: 5 | B8: محتوا | C8: حداقل طول | D8: حداقل ۱۵۰۰ واژه فارسی مفید؛ بدون پرگویی | E8: 4 | F8: بررسی نشده
A9: 6 | B9: محتوا | C9: زبان طبیعی | D9: روان، حرفه‌ای و متناسب با مخاطب صنعتی ایرانی | E9: 5 | F9: بررسی نشده
A10: 7 | B10: محتوا | C10: مقدمه | D10: مسئله، وعده و مسیر مقاله را کوتاه و روشن بیان می‌کند | E10: 3 | F10: بررسی نشده
A11: 8 | B11: ساختار | C11: یک H1 | D11: فقط یک H1 قوی و شامل مفهوم کیورد اصلی | E11: 5 | F11: بررسی نشده
A12: 9 | B12: ساختار | C12: H2/H3 | D12: سرفصل‌ها قابل جست‌وجو، منطقی و بدون تکرارند | E12: 4 | F12: بررسی نشده
A13: 10 | B13: ساختار | C13: جدول مفید | D13: حداقل یک جدول فقط در صورت افزایش فهم | E13: 3 | F13: بررسی نشده
A14: 11 | B14: ساختار | C14: مثال عملی | D14: سناریو یا مثال واقعی از کارگاه CNC دارد | E14: 4 | F14: بررسی نشده
A15: 12 | B15: ساختار | C15: FAQ | D15: پرسش‌های واقعی و پاسخ‌های کوتاه و کامل دارد | E15: 4 | F15: بررسی نشده
... A31: 28 | B31: پس از انتشار | C31: پایش | D31: تاریخ بازبینی GSC و به‌روزرسانی مشخص شده | E31: 3 | F31: بررسی نشده

Sheet پرامپت محتوا
A1: پرامپت اختصاصی تولید محتوای ElecIO
A2: مبتنی بر Blog Prompt.docx و متناسب با حوزه CNC/DNC. مقادیر داخل {{ }} را از بریف مقاله جایگزین کنید.
A4: نقش | B4: تو یک نویسنده متخصص سئوی فارسی، استراتژیست محتوای B2B صنعتی و آشنا با CNC، DNC، کنترلرهای FANUC، Siemens، Heidenhain و ارتباط RS232/شبکه هستی.
A5: ورودی‌ها | B5: کلمه کلیدی اصلی: {{کلمه کلیدی اصلی}} کلمات فرعی: {{کلمات فرعی}} عنوان: {{عنوان}} نیت جست‌وجو: {{نیت}} مخاطب: {{مخاطب}} CTA: {{CTA}} منابع تأییدشده: {{منابع}}
A6: هدف | B6: یک مقاله فارسی کامل، کاربردی و قابل انتشار برای وب‌سایت ElecIO بنویس که مسئله واقعی مدیر کارگاه، برنامه‌نویس یا اپراتور CNC را حل کند. انسان‌محور بنویس و از Keyword Stuffing پرهیز کن.
A7: محدودیت صحت | B7: هیچ آمار، قیمت، قانون، استاندارد، سازگاری کنترلر یا مشخصه فنی را اختراع نکن. برای مشخصات ElecIO فقط از کاتالوگ رسمی، صفحات محصول و اطلاعات تأییدشده استفاده کن. اگر داده‌ای موجود نیست، شفاف بگو نیازمند تأیید فنی است.
A8: طول و زبان | B8: حداقل ۱۵۰۰ واژه مفید و کاملاً فارسی. اصطلاحات انگلیسی تخصصی را در صورت نیاز کنار معادل فارسی بیاور. از لحن رباتیک، مقدمه طولانی و تکرار مصنوعی خودداری کن.
A9: ساختار | B9: یک H1 قوی، مقدمه کوتاه، H2های قابل جست‌وجو، H3 برای مراحل/مثال‌ها/اشتباهات، حداقل یک جدول مفید در صورت نیاز، مثال عملی کارگاهی، نکات اجرایی، FAQ واقعی و جمع‌بندی تصمیم‌ساز.
A10: SEO Metadata | B10: در ابتدای خروجی این موارد را بده: SEO Title، Meta Description، Slug انگلیسی پیشنهادی، Focus Keyword، Secondary Keywords، دسته پیشنهادی، برچسب‌های محدود و مرتبط.
A11: لینک‌سازی | B11: لینک داخلی را با قالب [پیشنهاد لینک داخلی: انکر — URL] و فقط در جای طبیعی پیشنهاد بده. حداقل یک لینک به Pillar مرتبط و دو لینک به مقالات هم‌خوشه. لینک خارجی فقط به منابع رسمی و معتبر، در صورت ارزش واقعی.
A12: ممنوعیت تصویر | B12: تصویر نساز، Placeholder تصویر، محل تصویر، کپشن یا Alt Text پیشنهاد نده.
A13: خروجی Word | B13: در صورت درخواست فایل Word: بدون Header و Footer، با Heading Style صحیح، فاصله خطوط ۲.۲، پاراگراف‌های خوانا، فهرست‌های استاندارد و جدول‌های حرفه‌ای تحویل بده.
A14: کنترل نهایی | B14: پیش از تحویل بررسی کن: حداقل ۱۵۰۰ واژه، پاسخ کامل به نیت، ساختار درست، استفاده طبیعی کیورد، منابع قابل اتکا، FAQ، جمع‌بندی، لینک داخلی، CTA و نبود ادعای ساختگی.
A15: قالب خروجی | B15: ۱) متادیتای SEO ۲) H1 ۳) مقدمه ۴) بدنه با H2/H3 ۵) جدول/چک‌لیست مفید ۶) FAQ ۷) جمع‌بندی و CTA ۸) لینک‌های داخلی و خارجی پیشنهادی
