Workbook

Sheet Guide
A1: How to Use This Workbook
A2: This workbook is the English-market SEO planning system for ElecIO. It is based on the FA planner structure, but the keyword map is English-native rather than a literal translation.
A4: 1. Add real keyword data | B4: In “Keyword Map”, enter search volume, keyword difficulty, rank, clicks and impressions only from Google Search Console, Keyword Planner, or another trusted SEO dataset.
A5: 2. Validate English demand | B5: The English keywords are strategic seed terms. Search demand and country-level opportunity must be validated for your target markets before final prioritization.
A6: 3. Prioritize | B6: Start with commercially relevant topics, direct product fit, strong controller-specific intent, and real content gaps. The Dashboard summarizes status and cluster coverage.
A7: 4. Build a brief | B7: In “Article Brief”, select a content ID such as EN-EC-004. SEO title, keyword, metadata, outline, links, source and CTA are pulled from the calendar automatically.
A8: 5. Use verified technical sources | B8: For controller settings, protocols, compatibility, specifications, or product claims, official controller manuals and verified ElecIO product documentation override AI-generated assumptions.
A9: 6. Quality control | B9: Before publishing, all high-weight checks in “Quality Control” should pass, including intent match, source accuracy, metadata, internal links, mobile readability, and factual verification.
A10: 7. Internal linking | B10: Every article should link to its relevant pillar page and at least two genuinely related cluster articles using natural anchors.
A11: 8. Post-publish review | B11: Record the live URL, status, progress, and last update date. Review GSC performance after enough impressions accumulate and refine the page based on actual query data.
A12: Important rule | B12: This workbook does not invent search volume, keyword difficulty, rankings, prices, standards, or technical claims. Blank metrics are intentional and must be filled with real data.

Sheet _lists
A1: Idea | B1: Very High | C1: Informational | D1: Awareness | E1: Yes | F1: Approved | G1: Comprehensive Guide
A2: Brief Pending | B2: High | C2: Commercial | D2: Consideration | E2: No | F2: Needs Revision | G2: Technical Tutorial
A3: Researching | B3: Medium | C3: Transactional | D3: Decision | E3: Unknown | F3: Not Reviewed | G3: Buyer’s Guide
A4: Writing | B4: Low | C4: Support | D4: Post-Purchase | F4: Not Applicable | G4: Comparison
A5: Editing | C5: Brand/Transactional | G5: Troubleshooting
A6: Ready to Publish | C6: Informational/Commercial | G6: Industrial Use Case
A7: Scheduled | G7: Checklist
A8: Published
A9: Needs Update

Sheet Dashboard
A1: ElecIO English SEO Content Dashboard
A2: Overview of publication status, priority, and topical coverage. Search volume and ranking metrics must come from real SEO tools.
B4: Total Topics | C4: =COUNTA('Content Calendar'!A4:A200) | E4: Published | F4: =COUNTIF('Content Calendar'!Z4:Z200,"Published") | H4: Ready / Scheduled | I4: =COUNTIF('Content Calendar'!Z4:Z200,"Ready to Publish")+COUNTIF('Content Calendar'!Z4:Z200,"Scheduled")
B7: High Priority | C7: =COUNTIF('Content Calendar'!AA4:AA200,"High")+COUNTIF('Content Calendar'!AA4:AA200,"Very High") | E7: Average Progress | F7: =IFERROR(AVERAGE('Content Calendar'!AB4:AB200),0) | H7: Keywords Tracked | I7: =COUNTA('Keyword Map'!B4:B200)
B11: Status | C11: Count
B12: Idea | C12: =COUNTIF('Content Calendar'!$Z$4:$Z$200,B12)
B13: Brief Pending | C13: =COUNTIF('Content Calendar'!$Z$4:$Z$200,B13)
B14: Researching | C14: =COUNTIF('Content Calendar'!$Z$4:$Z$200,B14)
B15: Writing | C15: =COUNTIF('Content Calendar'!$Z$4:$Z$200,B15)
B16: Editing | C16: =COUNTIF('Content Calendar'!$Z$4:$Z$200,B16)
B17: Ready to Publish | C17: =COUNTIF('Content Calendar'!$Z$4:$Z$200,B17)
B18: Scheduled | C18: =COUNTIF('Content Calendar'!$Z$4:$Z$200,B18)
B19: Published | C19: =COUNTIF('Content Calendar'!$Z$4:$Z$200,B19)
B20: Needs Update | C20: =COUNTIF('Content Calendar'!$Z$4:$Z$200,B20)
B23: Cluster | C23: Count
B24: Brand & Trust | C24: =COUNTIF('Content Calendar'!$D$4:$D$200,B24)
B25: CNC Basics | C25: =COUNTIF('Content Calendar'!$D$4:$D$200,B25)
B26: CNC File Transfer & DNC | C26: =COUNTIF('Content Calendar'!$D$4:$D$200,B26)
B27: Comparison & Selection | C27: =COUNTIF('Content Calendar'!$D$4:$D$200,B27)
B28: Controller Compatibility | C28: =COUNTIF('Content Calendar'!$D$4:$D$200,B28)
B29: Digital Transformation | C29: =COUNTIF('Content Calendar'!$D$4:$D$200,B29)
B30: FANUC Controller | C30: =COUNTIF('Content Calendar'!$D$4:$D$200,B30)
B31: HEIDENHAIN Controller | C31: =COUNTIF('Content Calendar'!$D$4:$D$200,B31)
B32: Industrial Networking | C32: =COUNTIF('Content Calendar'!$D$4:$D$200,B32)
B33: Production Economics | C33: =COUNTIF('Content Calendar'!$D$4:$D$200,B33)
B34: Program Management | C34: =COUNTIF('Content Calendar'!$D$4:$D$200,B34)
B35: Reporting & Productivity | C35: =COUNTIF('Content Calendar'!$D$4:$D$200,B35)
... B40: Troubleshooting | C40: =COUNTIF('Content Calendar'!$D$4:$D$200,B40)

Sheet Keyword Map
A1: ElecIO English Keyword Map
A2: English-native seed keywords are pre-mapped by intent, cluster, funnel, and target page. Search volume, KD, rankings and GSC metrics are intentionally blank until validated with real market data.
A3: ID | B3: Primary Keyword | C3: Topic Cluster | D3: Related / Secondary Keywords | E3: Search Intent | F3: Funnel Stage | G3: Suggested Content Type | H3: Target / Pillar Page | I3: Priority | J3: Research / Data Source | K3: Monthly Search Volume | L3: Keyword Difficulty | M3: Current Rank | N3: Target Rank | O3: GSC Clicks | P3: GSC Impressions | Q3: CTR | R3: Cannibalization Risk | S3: Content ID | T3: Last Review | U3: Notes
A4: EN-KW-001 | B4: CNC file transfer | C4: CNC File Transfer & DNC | D4: CNC program transfer, NC file transfer, transfer files to CNC, CNC networking | E4: Informational | F4: Awareness | G4: Technical Tutorial | H4: /en/product | I4: High | J4: https://www.cimco.com/software/cimco-dnc-max/ | N4: 10 | R4: Unknown | S4: EN-EC-001 | U4: Seed term. Validate country-specific search volume, KD and SERP intent in GSC / Keyword Planner before final prioritization.
A5: EN-KW-002 | B5: CNC program transfer | C5: CNC File Transfer & DNC | D5: transfer CNC programs, send program to CNC machine, NC program transfer, G-code transfer | E5: Informational | F5: Awareness | G5: Comprehensive Guide | H5: /en/product | I5: High | J5: https://www.cimco.com/software/cimco-dnc-max/ | N5: 10 | R5: Unknown | S5: EN-EC-002 | U5: Seed term. Validate country-specific search volume, KD and SERP intent in GSC / Keyword Planner before final prioritization.
A6: EN-KW-003 | B6: CNC program transfer software | C6: CNC File Transfer & DNC | D6: CNC file transfer software, DNC transfer software, NC program transfer software | E6: Commercial | F6: Consideration | G6: Buyer’s Guide | H6: /en/software | I6: High | J6: https://www.cimco.com/software/cimco-dnc-max/ | N6: 10 | R6: Unknown | S6: EN-EC-003 | U6: Seed term. Validate country-specific search volume, KD and SERP intent in GSC / Keyword Planner before final prioritization.
A7: EN-KW-004 | B7: DNC software for CNC machines | C7: CNC File Transfer & DNC | D7: DNC software, CNC DNC software, DNC server, CNC program management software | E7: Commercial | F7: Consideration | G7: Buyer’s Guide | H7: /en/software | I7: Very High | J7: https://www.cimco.com/software/cimco-dnc-max/ | N7: 10 | R7: Unknown | S7: EN-EC-004 | U7: Seed term. Validate country-specific search volume, KD and SERP intent in GSC / Keyword Planner before final prioritization.
A8: EN-KW-005 | B8: what is DNC | C8: CNC File Transfer & DNC | D8: DNC system, Direct Numerical Control, CNC DNC, DNC networking | E8: Informational | F8: Awareness | G8: Comprehensive Guide | H8: /en/product | I8: High | J8: https://www.cimco.com/software/cimco-dnc-max/ | N8: 10 | R8: Unknown | S8: EN-EC-005 | U8: Seed term. Validate country-specific search volume, KD and SERP intent in GSC / Keyword Planner before final prioritization.
A9: EN-KW-006 | B9: DNC system for CNC machines | C9: CNC File Transfer & DNC | D9: industrial DNC system, DNC network, CNC DNC system, multi-machine DNC | E9: Commercial | F9: Consideration | G9: Buyer’s Guide | H9: /en/product | I9: High | J9: https://www.cimco.com/software/cimco-dnc-max/ | N9: 10 | R9: Unknown | S9: EN-EC-006 | U9: Seed term. Validate country-specific search volume, KD and SERP intent in GSC / Keyword Planner before final prioritization.
A10: EN-KW-007 | B10: CNC program transfer device | C10: CNC File Transfer & DNC | D10: DNC hardware, CNC transfer device, RS232 DNC device, CNC file transfer device | E10: Commercial | F10: Consideration | G10: Buyer’s Guide | H10: /en/product | I10: High | J10: https://www.cimco.com/software/cimco-dnc-max/ | N10: 10 | R10: Unknown | S10: EN-EC-007 | U10: Seed term. Validate country-specific search volume, KD and SERP intent in GSC / Keyword Planner before final prioritization.
A11: EN-KW-008 | B11: DNC for small machine shops | C11: CNC File Transfer & DNC | D11: DNC for small shop, low-cost DNC, single-machine DNC, CNC shop networking | E11: Commercial | F11: Consideration | G11: Industrial Use Case | H11: /en/product | I11: High | J11: https://www.cimco.com/software/cimco-dnc-max/ | N11: 10 | R11: Unknown | S11: EN-EC-008 | U11: Seed term. Validate country-specific search volume, KD and SERP intent in GSC / Keyword Planner before final prioritization.
A12: EN-KW-009 | B12: wireless DNC | C12: Industrial Networking | D12: wireless DNC system, Wi-Fi DNC, wireless CNC networking, RS232 wireless DNC | E12: Commercial | F12: Consideration | G12: Comprehensive Guide | H12: /en/product | I12: High | J12: https://www.cimco.com/software/cimco-dnc-max/ | N12: 10 | R12: Unknown | S12: EN-EC-009 | U12: Seed term. Validate country-specific search volume, KD and SERP intent in GSC / Keyword Planner before final prioritization.
A13: EN-KW-010 | B13: wireless CNC file transfer | C13: Industrial Networking | D13: Wi-Fi CNC file transfer, wireless program transfer, send CNC files wirelessly | E13: Informational | F13: Awareness | G13: Technical Tutorial | H13: /en/product | I13: High | J13: https://www.cimco.com/software/cimco-dnc-max/ | N13: 10 | R13: Unknown | S13: EN-EC-010 | U13: Seed term. Validate country-specific search volume, KD and SERP intent in GSC / Keyword Planner before final prioritization.
A14: EN-KW-011 | B14: CNC network | C14: Industrial Networking | D14: CNC machine network, DNC network, shop floor CNC network, CNC networking | E14: Informational | F14: Awareness | G14: Comprehensive Guide | H14: /en/product | I14: High | J14: https://www.cimco.com/software/cimco-dnc-max/ | N14: 10 | R14: Unknown | S14: EN-EC-011 | U14: Seed term. Validate country-specific search volume, KD and SERP intent in GSC / Keyword Planner before final prioritization.
A15: EN-KW-012 | B15: connect CNC machine to network | C15: Industrial Networking | D15: connect CNC to LAN, CNC Ethernet setup, network CNC machine, CNC file sharing | E15: Informational | F15: Awareness | G15: Technical Tutorial | H15: /en/product | I15: High | J15: https://www.cimco.com/software/cimco-dnc-max/ | N15: 10 | R15: Unknown | S15: EN-EC-012 | U15: Seed term. Validate country-specific search volume, KD and SERP intent in GSC / Keyword Planner before final prioritization.
... A63: EN-KW-060 | B63: ElecIO Smart DNC | C63: Brand & Trust | D63: ElecIO DNC, Smart DNC device, CNC file transfer device, CNC connectivity solution | E63: Brand/Transactional | F63: Decision | G63: Buyer’s Guide | H63: /en/product | I63: Very High | J63: https://elecio.co | N63: 10 | R63: Unknown | S63: EN-EC-060 | U63: Seed term. Validate country-specific search volume, KD and SERP intent in GSC / Keyword Planner before final prioritization.

Sheet Content Calendar
A1: ElecIO English SEO Content Calendar
A2: 60 English-market topics mapped across 12 weeks. Dates, owners, status, and real keyword metrics remain editable. All English publication statuses start as “Idea” unless the team confirms an existing live EN page.
A3: Content ID | B3: Week | C3: Publish Day | D3: Cluster | E3: Article Title | F3: Primary Keyword | G3: Secondary Keywords | H3: Intent | I3: Funnel Stage | J3: Format | K3: SEO Title | L3: Title Length | M3: Meta Description | N3: Meta Length | O3: Suggested Slug | P3: H1 | Q3: Suggested H2s | R3: Internal Links | S3: Required Source | T3: CTA | U3: Content Goal | V3: Owner | W3: Brief Date | X3: Publish Due | Y3: Published URL | Z3: Status | AA3: Priority | AB3: Progress | AC3: Last Updated | AD3: Editor Notes
A4: EN-EC-001 | B4: Week 1 | C4: Monday | D4: CNC File Transfer & DNC | E4: CNC File Transfer: Methods, Setup, and Common Errors | F4: CNC file transfer | G4: CNC program transfer, NC file transfer, transfer files to CNC, CNC networking | H4: Informational | I4: Awareness | J4: Technical Tutorial | K4: CNC File Transfer: Methods, Setup, and Common Errors | L4: =LEN(K4) | M4: Learn CNC file transfer: practical methods, setup choices, compatibility checks, common errors, and a safer workflow for CNC program transfer. | N4: =LEN(M4) | O4: cnc-file-transfer-guide | P4: CNC File Transfer: Methods, Setup, and Common Errors | Q4: What is CNC file transfer? Available methods and technical prerequisites How the workflow works step by step Compatibility and controller considerations Common mistakes and troubleshooting Security and maintenance recommendations Practical checklist Frequently asked questions | R4: /en/product | Software: /en/software | Contact: /en/contact | S4: Official controller documentation / ElecIO technical validation | https://www.cimco.com/software/cimco-dnc-max/ | T4: Explore Smart DNC | U4: Fully answer informational intent and create a natural path toward /en/product. | X4: 46247 | Y4: /en/blog/cnc-file-transfer-guide | Z4: Published | AA4: High | AB4: 1 | AC4: 46247 | AD4: Live, ~3,500 words, TechArticle+FAQPage schema, focus keyword set. Matches this row's planned topic/slug exactly.
A5: EN-EC-002 | B5: Week 1 | C5: Tuesday | D5: CNC File Transfer & DNC | E5: CNC Program Transfer: How to Move NC Programs Safely and Reliably | F5: CNC program transfer | G5: transfer CNC programs, send program to CNC machine, NC program transfer, G-code transfer | H5: Informational | I5: Awareness | J5: Comprehensive Guide | K5: CNC Program Transfer: How to Move NC Programs Safely and Reliably | L5: =LEN(K5) | M5: Learn CNC program transfer: practical methods, setup choices, compatibility checks, common errors, and a safer workflow for CNC program transfer. | N5: =LEN(M5) | O5: cnc-program-transfer | P5: CNC Program Transfer: How to Move NC Programs Safely and Reliably | Q5: What is CNC program transfer? Available methods and technical prerequisites How the workflow works step by step Compatibility and controller considerations Common mistakes and troubleshooting Security and maintenance recommendations Practical checklist Frequently asked questions | R5: /en/product | Software: /en/software | Contact: /en/contact | S5: Official controller documentation / ElecIO technical validation | https://www.cimco.com/software/cimco-dnc-max/ | T5: Explore Smart DNC | U5: Fully answer informational intent and create a natural path toward /en/product. | Z5: Idea | AA5: High | AB5: 0 | AD5: Not written under this title/slug. A related but distinct topic (Fanuc RS232 settings, FA-originated) is already live bilingually at /en/blog/fanuc-rs232-checklist -- check for overlap before writing this one.
A6: EN-EC-003 | B6: Week 1 | C6: Wednesday | D6: CNC File Transfer & DNC | E6: CNC Program Transfer Software: Features, Protocols, and Selection Guide | F6: CNC program transfer software | G6: CNC file transfer software, DNC transfer software, NC program transfer software | H6: Commercial | I6: Consideration | J6: Buyer’s Guide | K6: CNC Program Transfer Software: Features, Protocols, and Selection Guide | L6: =LEN(K6) | M6: Learn CNC program transfer software: practical methods, setup choices, compatibility checks, common errors, and a safer workflow for CNC program transfer. | N6: =LEN(M6) | O6: cnc-program-transfer-software | P6: CNC Program Transfer Software: Features, Protocols, and Selection Guide | Q6: What is CNC program transfer software and where does it fit? Core features and technical requirements Controller and communication compatibility Deployment, maintenance, and scalability Security, permissions, and program control Buying checklist and questions to ask Frequently asked questions | R6: /en/software | Product page: /en/product | Contact: /en/contact | S6: Official controller documentation / ElecIO technical validation | https://www.cimco.com/software/cimco-dnc-max/ | T6: Request a demo | U6: Satisfy consideration-stage intent and move qualified readers naturally toward /en/software. | Z6: Idea | AA6: High | AB6: 0 | AD6: Not written under this title/slug. A related FA-originated topic (Siemens program transfer) is live at /en/blog/siemens-program-transfer-workflow -- check for overlap before writing this one.
A7: EN-EC-004 | B7: Week 1 | C7: Thursday | D7: CNC File Transfer & DNC | E7: DNC Software for CNC Machines: What to Look for Before You Choose | F7: DNC software for CNC machines | G7: DNC software, CNC DNC software, DNC server, CNC program management software | H7: Commercial | I7: Consideration | J7: Buyer’s Guide | K7: DNC Software for CNC Machines: What to Look for Before You Choose | L7: =LEN(K7) | M7: Learn DNC software for CNC machines: practical methods, setup choices, compatibility checks, common errors, and a safer workflow for CNC program transfer. | N7: =LEN(M7) | O7: dnc-software-for-cnc-machines | P7: DNC Software for CNC Machines: What to Look for Before You Choose | Q7: What is DNC software for CNC machines and where does it fit? Core features and technical requirements Controller and communication compatibility Deployment, maintenance, and scalability Security, permissions, and program control Buying checklist and questions to ask Frequently asked questions | R7: /en/software | Product page: /en/product | Contact: /en/contact | S7: Official controller documentation / ElecIO technical validation | https://www.cimco.com/software/cimco-dnc-max/ | T7: Request a demo | U7: Satisfy consideration-stage intent and move qualified readers naturally toward /en/software. | Z7: Idea | AA7: Very High | AB7: 0 | AD7: Not written. No close FA-originated equivalent yet; safe to prioritize as planned.
A8: EN-EC-005 | B8: Week 1 | C8: Friday | D8: CNC File Transfer & DNC | E8: What Is DNC? A Practical Guide for CNC Shops | F8: what is DNC | G8: DNC system, Direct Numerical Control, CNC DNC, DNC networking | H8: Informational | I8: Awareness | J8: Comprehensive Guide | K8: What Is DNC? A Practical Guide for CNC Shops | L8: =LEN(K8) | M8: What is DNC in CNC machining? Learn how DNC transfers and manages NC programs, where it fits, and what to check before deploying it. | N8: =LEN(M8) | O8: what-is-dnc | P8: What Is DNC? A Practical Guide for CNC Shops | Q8: What is DNC in CNC machining? What problem does a DNC system solve? DNC software, hardware, and network components How CNC program transfer works with DNC DNC vs USB, direct network transfer, and drip feed Compatibility, security, and deployment considerations Frequently asked questions | R8: /en/product | Software: /en/software | Contact: /en/contact | S8: Official controller documentation / ElecIO technical validation | https://www.cimco.com/software/cimco-dnc-max/ | T8: Explore Smart DNC | U8: Fully answer informational intent and create a natural path toward /en/product. | Z8: Idea | AA8: High | AB8: 0 | AD8: Not written under this title/slug. A related FA-originated topic (what is DNC / DNC device) partially overlaps content in /en/blog/cnc-file-transfer-guide -- check for overlap before writing this one.
A9: EN-EC-006 | B9: Week 2 | C9: Monday | D9: CNC File Transfer & DNC | E9: DNC Systems for CNC Machines: Architecture, Compatibility, and Use Cases | F9: DNC system for CNC machines | G9: industrial DNC system, DNC network, CNC DNC system, multi-machine DNC | H9: Commercial | I9: Consideration | J9: Buyer’s Guide | K9: DNC Systems for CNC Machines: Architecture, Compatibility, and Use Cases | L9: =LEN(K9) | M9: Learn DNC system for CNC machines: practical methods, setup choices, compatibility checks, common errors, and a safer workflow for CNC program transfer. | N9: =LEN(M9) | O9: dnc-system-for-cnc-machines | P9: DNC Systems for CNC Machines: Architecture, Compatibility, and Use Cases | Q9: What is DNC system for CNC machines and where does it fit? Core features and technical requirements Controller and communication compatibility Deployment, maintenance, and scalability Security, permissions, and program control Buying checklist and questions to ask Frequently asked questions | R9: /en/product | Software: /en/software | Contact: /en/contact | S9: Official controller documentation / ElecIO technical validation | https://www.cimco.com/software/cimco-dnc-max/ | T9: Get technical consultation | U9: Satisfy consideration-stage intent and move qualified readers naturally toward /en/product. | Z9: Idea | AA9: High | AB9: 0
A10: EN-EC-007 | B10: Week 2 | C10: Tuesday | D10: CNC File Transfer & DNC | E10: CNC Program Transfer Devices: When Hardware DNC Makes Sense | F10: CNC program transfer device | G10: DNC hardware, CNC transfer device, RS232 DNC device, CNC file transfer device | H10: Commercial | I10: Consideration | J10: Buyer’s Guide | K10: CNC Program Transfer Devices: When Hardware DNC Makes Sense | L10: =LEN(K10) | M10: Learn CNC program transfer device: practical methods, setup choices, compatibility checks, common errors, and a safer workflow for CNC program transfer. | N10: =LEN(M10) | O10: cnc-program-transfer-device | P10: CNC Program Transfer Devices: When Hardware DNC Makes Sense | Q10: What is CNC program transfer device and where does it fit? Core features and technical requirements Controller and communication compatibility Deployment, maintenance, and scalability Security, permissions, and program control Buying checklist and questions to ask Frequently asked questions | R10: /en/product | Software: /en/software | Contact: /en/contact | S10: Official controller documentation / ElecIO technical validation | https://www.cimco.com/software/cimco-dnc-max/ | T10: Explore Smart DNC | U10: Satisfy consideration-stage intent and move qualified readers naturally toward /en/product. | Z10: Idea | AA10: High | AB10: 0
A11: EN-EC-008 | B11: Week 2 | C11: Wednesday | D11: CNC File Transfer & DNC | E11: DNC for Small Machine Shops: A Practical Deployment Guide | F11: DNC for small machine shops | G11: DNC for small shop, low-cost DNC, single-machine DNC, CNC shop networking | H11: Commercial | I11: Consideration | J11: Industrial Use Case | K11: DNC for Small Machine Shops: A Practical Deployment Guide | L11: =LEN(K11) | M11: Learn DNC for small machine shops: practical methods, setup choices, compatibility checks, common errors, and a safer workflow for CNC program transfer. | N11: =LEN(M11) | O11: dnc-for-small-machine-shops | P11: DNC for Small Machine Shops: A Practical Deployment Guide | Q11: What is DNC for small machine shops? Available methods and technical prerequisites How the workflow works step by step Compatibility and controller considerations Common mistakes and troubleshooting Security and maintenance recommendations Practical checklist Frequently asked questions | R11: /en/product | Software: /en/software | Contact: /en/contact | S11: Official controller documentation / ElecIO technical validation | https://www.cimco.com/software/cimco-dnc-max/ | T11: Get technical consultation | U11: Satisfy consideration-stage intent and move qualified readers naturally toward /en/product. | Z11: Idea | AA11: High | AB11: 0
A12: EN-EC-009 | B12: Week 2 | C12: Thursday | D12: Industrial Networking | E12: Wireless DNC for CNC Machines: Benefits, Limits, and Deployment Options | F12: wireless DNC | G12: wireless DNC system, Wi-Fi DNC, wireless CNC networking, RS232 wireless DNC | H12: Commercial | I12: Consideration | J12: Comprehensive Guide | K12: Wireless DNC for CNC Machines: Benefits, Limits, and Deployment Options | L12: =LEN(K12) | M12: Practical guide to wireless DNC, including network options, legacy-machine considerations, security, and file-transfer workflow for CNC shops. | N12: =LEN(M12) | O12: wireless-dnc-cnc | P12: Wireless DNC for CNC Machines: Benefits, Limits, and Deployment Options | Q12: What is wireless DNC? Available methods and technical prerequisites How the workflow works step by step Compatibility and controller considerations Common mistakes and troubleshooting Security and maintenance recommendations Practical checklist Frequently asked questions | R12: /en/product | Software: /en/software | Contact: /en/contact | S12: Official controller documentation / ElecIO technical validation | https://www.cimco.com/software/cimco-dnc-max/ | T12: Explore Smart DNC | U12: Satisfy consideration-stage intent and move qualified readers naturally toward /en/product. | Z12: Idea | AA12: High | AB12: 0
A13: EN-EC-010 | B13: Week 2 | C13: Friday | D13: Industrial Networking | E13: Wireless CNC File Transfer: How It Works and When to Use It | F13: wireless CNC file transfer | G13: Wi-Fi CNC file transfer, wireless program transfer, send CNC files wirelessly | H13: Informational | I13: Awareness | J13: Technical Tutorial | K13: Wireless CNC File Transfer: How It Works and When to Use It | L13: =LEN(K13) | M13: Practical guide to wireless CNC file transfer, including network options, legacy-machine considerations, security, and file-transfer workflow for CNC shops. | N13: =LEN(M13) | O13: wireless-cnc-file-transfer | P13: Wireless CNC File Transfer: How It Works and When to Use It | Q13: What is wireless CNC file transfer? Available methods and technical prerequisites How the workflow works step by step Compatibility and controller considerations Common mistakes and troubleshooting Security and maintenance recommendations Practical checklist Frequently asked questions | R13: /en/product | Software: /en/software | Contact: /en/contact | S13: Official controller documentation / ElecIO technical validation | https://www.cimco.com/software/cimco-dnc-max/ | T13: Explore Smart DNC | U13: Fully answer informational intent and create a natural path toward /en/product. | Z13: Idea | AA13: High | AB13: 0
A14: EN-EC-011 | B14: Week 3 | C14: Monday | D14: Industrial Networking | E14: CNC Network Basics: Connecting Machines, PCs, and DNC Systems | F14: CNC network | G14: CNC machine network, DNC network, shop floor CNC network, CNC networking | H14: Informational | I14: Awareness | J14: Comprehensive Guide | K14: CNC Network Basics: Connecting Machines, PCs, and DNC Systems | L14: =LEN(K14) | M14: Practical guide to CNC network, including network options, legacy-machine considerations, security, and file-transfer workflow for CNC shops. | N14: =LEN(M14) | O14: cnc-network-guide | P14: CNC Network Basics: Connecting Machines, PCs, and DNC Systems | Q14: What is CNC network? Available methods and technical prerequisites How the workflow works step by step Compatibility and controller considerations Common mistakes and troubleshooting Security and maintenance recommendations Practical checklist Frequently asked questions | R14: /en/product | Software: /en/software | Contact: /en/contact | S14: Official controller documentation / ElecIO technical validation | https://www.cimco.com/software/cimco-dnc-max/ | T14: Explore Smart DNC | U14: Fully answer informational intent and create a natural path toward /en/product. | Z14: Idea | AA14: High | AB14: 0
A15: EN-EC-012 | B15: Week 3 | C15: Tuesday | D15: Industrial Networking | E15: How to Connect a CNC Machine to a Network | F15: connect CNC machine to network | G15: connect CNC to LAN, CNC Ethernet setup, network CNC machine, CNC file sharing | H15: Informational | I15: Awareness | J15: Technical Tutorial | K15: How to Connect a CNC Machine to a Network | L15: =LEN(K15) | M15: Practical guide to connect CNC machine to network, including network options, legacy-machine considerations, security, and file-transfer workflow for CNC shops. | N15: =LEN(M15) | O15: connect-cnc-machine-to-network | P15: How to Connect a CNC Machine to a Network | Q15: What is connect CNC machine to network? Available methods and technical prerequisites How the workflow works step by step Compatibility and controller considerations Common mistakes and troubleshooting Security and maintenance recommendations Practical checklist Frequently asked questions | R15: /en/product | Software: /en/software | Contact: /en/contact | S15: Official controller documentation / ElecIO technical validation | https://www.cimco.com/software/cimco-dnc-max/ | T15: Get technical consultation | U15: Fully answer informational intent and create a natural path toward /en/product. | Z15: Idea | AA15: High | AB15: 0
A16: EN-EC-013 | B16: Week 3 | C16: Wednesday | D16: Industrial Networking | E16: CNC Network Security: Practical Controls for Program Transfer and Access | F16: CNC network security | G16: industrial network security CNC, CNC segmentation, secure CNC file transfer | H16: Informational | I16: Awareness | J16: Comprehensive Guide | K16: CNC Network Security: Practical Controls for Program Transfer and Access | L16: =LEN(K16) | M16: Practical guide to CNC network security, including network options, legacy-machine considerations, security, and file-transfer workflow for CNC shops. | N16: =LEN(M16) | O16: cnc-network-security | P16: CNC Network Security: Practical Controls for Program Transfer and Access | Q16: What is CNC network security? Available methods and technical prerequisites How the workflow works step by step Compatibility and controller considerations Common mistakes and troubleshooting Security and maintenance recommendations Practical checklist Frequently asked questions | R16: /en/software | Product page: /en/product | Contact: /en/contact | S16: Official controller documentation / ElecIO technical validation | https://www.cimco.com/documentation/documents/cimco_nc-base/brochures/en/cimco-nc-base-brochure-en.pdf | T16: Request a demo | U16: Fully answer informational intent and create a natural path toward /en/software. | Z16: Idea | AA16: Medium | AB16: 0
A17: EN-EC-014 | B17: Week 3 | C17: Thursday | D17: Serial Communication | E17: RS232 CNC File Transfer: Settings, Workflow, and Troubleshooting | F17: RS232 CNC file transfer | G17: CNC serial file transfer, RS232 DNC, serial CNC program transfer, DB25 CNC | H17: Informational | I17: Awareness | J17: Technical Tutorial | K17: RS232 CNC File Transfer: Settings, Workflow, and Troubleshooting | L17: =LEN(K17) | M17: Understand RS232 CNC file transfer with practical RS232 settings, cabling checks, handshaking, transfer workflow, and common troubleshooting steps. | N17: =LEN(M17) | O17: rs232-cnc-file-transfer | P17: RS232 CNC File Transfer: Settings, Workflow, and Troubleshooting | Q17: Before you configure RS232 CNC file transfer Communication paths and required hardware Controller-side settings to verify PC, DNC, or network-side setup Step-by-step transfer workflow Common errors and troubleshooting Security and backup checks Frequently asked questions | R17: /en/product | Software: /en/software | Contact: /en/contact | S17: Official controller documentation / ElecIO technical validation | https://www.cimco.com/software/cimco-dnc-max/ | T17: Explore Smart DNC | U17: Fully answer informational intent and create a natural path toward /en/product. | Z17: Idea | AA17: Very High | AB17: 0
A18: EN-EC-015 | B18: Week 3 | C18: Friday | D18: Serial Communication | E18: CNC RS232 Cable Pinout: DB9, DB25, Handshaking, and Wiring Checks | F18: CNC RS232 cable pinout | G18: DB9 to DB25 CNC cable, RS232 pinout CNC, null modem CNC cable, serial cable CNC | H18: Informational | I18: Awareness | J18: Technical Tutorial | K18: CNC RS232 Cable Pinout: DB9, DB25, Handshaking, and Wiring Checks | L18: =LEN(K18) | M18: Understand CNC RS232 cable pinout with practical RS232 settings, cabling checks, handshaking, transfer workflow, and common troubleshooting steps. | N18: =LEN(M18) | O18: cnc-rs232-cable-pinout | P18: CNC RS232 Cable Pinout: DB9, DB25, Handshaking, and Wiring Checks | Q18: Before you configure CNC RS232 cable pinout Communication paths and required hardware Controller-side settings to verify PC, DNC, or network-side setup Step-by-step transfer workflow Common errors and troubleshooting Security and backup checks Frequently asked questions | R18: /en/product | Software: /en/software | Contact: /en/contact | S18: Official controller documentation / ElecIO technical validation | https://www.cimco.com/software/cimco-dnc-max/ | T18: Get technical consultation | U18: Fully answer informational intent and create a natural path toward /en/product. | Z18: Idea | AA18: High | AB18: 0
A19: EN-EC-016 | B19: Week 4 | C19: Monday | D19: Serial Communication | E19: CNC RS232 Communication Settings: A Setup Checklist | F19: CNC RS232 communication settings | G19: baud rate CNC, parity CNC, data bits stop bits, XON XOFF RTS CTS | H19: Informational | I19: Awareness | J19: Checklist | K19: CNC RS232 Communication Settings: A Setup Checklist | L19: =LEN(K19) | M19: Understand CNC RS232 communication settings with practical RS232 settings, cabling checks, handshaking, transfer workflow, and common troubleshooting steps. | N19: =LEN(M19) | O19: cnc-rs232-communication-settings | P19: CNC RS232 Communication Settings: A Setup Checklist | Q19: Before you configure CNC RS232 communication settings Communication paths and required hardware Controller-side settings to verify PC, DNC, or network-side setup Step-by-step transfer workflow Common errors and troubleshooting Security and backup checks Frequently asked questions | R19: /en/product | Software: /en/software | Contact: /en/contact | S19: Official controller documentation / ElecIO technical validation | https://www.cimco.com/software/cimco-dnc-max/ | T19: Explore Smart DNC | U19: Fully answer informational intent and create a natural path toward /en/product. | Z19: Idea | AA19: High | AB19: 0
A20: EN-EC-017 | B20: Week 4 | C20: Tuesday | D20: Troubleshooting | E20: CNC RS232 Troubleshooting: Fix Transfer Errors Step by Step | F20: CNC RS232 communication troubleshooting | G20: RS232 transfer error CNC, serial timeout CNC, parity error CNC, incomplete NC file | H20: Support | I20: Post-Purchase | J20: Troubleshooting | K20: CNC RS232 Troubleshooting: Fix Transfer Errors Step by Step | L20: =LEN(K20) | M20: Troubleshoot CNC RS232 communication troubleshooting step by step: check settings, cabling, handshaking, file format, transfer symptoms, and the most likely failure points. | N20: =LEN(M20) | O20: cnc-rs232-troubleshooting | P20: CNC RS232 Troubleshooting: Fix Transfer Errors Step by Step | Q20: Common symptoms related to CNC RS232 communication troubleshooting Check communication settings first Inspect cabling, ports, and handshaking Verify the NC file and controller state Isolate the PC, network, or CNC side Escalation checklist for technical support Frequently asked questions | R20: /en/contact | Product page: /en/product | Troubleshooting hub: /en/blog | S20: Official controller documentation / ElecIO technical validation | https://www.cimco.com/software/cimco-dnc-max/ | T20: Contact technical support | U20: Resolve a technical problem clearly and route unresolved cases to /en/contact. | Z20: Idea | AA20: High | AB20: 0
... A63: EN-EC-060 | B63: Week 12 | C63: Friday | D63: Brand & Trust | E63: ElecIO Smart DNC: CNC File Transfer, Connectivity, and Shop-Floor Control | F63: ElecIO Smart DNC | G63: ElecIO DNC, Smart DNC device, CNC file transfer device, CNC connectivity solution | H63: Brand/Transactional | I63: Decision | J63: Buyer’s Guide | K63: ElecIO Smart DNC: CNC File Transfer, Connectivity, and Shop-Floor Control | L63: =LEN(K63) | M63: Explore ElecIO Smart DNC: CNC file transfer, connectivity, program handling, monitoring workflow, compatibility, and deployment considerations for CNC shops. | N63: =LEN(M63) | O63: elecio-smart-dnc | P63: ElecIO Smart DNC: CNC File Transfer, Connectivity, and Shop-Floor Control | Q63: What is ElecIO Smart DNC and where does it fit? Core features and technical requirements Controller and communication compatibility Deployment, maintenance, and scalability Security, permissions, and program control Buying checklist and questions to ask Frequently asked questions | R63: /en/product | Software: /en/software | Contact: /en/contact | S63: Official controller documentation / ElecIO technical validation | https://elecio.co | T63: Request a product consultation | U63: Support a decision-stage visitor and direct the next action toward /en/product. | Z63: Idea | AA63: Very High | AB63: 0

Sheet Article Brief
A1: Smart Article Brief
A2: Select a Content ID in B3. Calendar fields populate automatically. Complete the highlighted research and technical-validation fields before assigning the article.
A3: Content ID | B3: EN-EC-001
A5: Article Title | B5: =IFERROR(INDEX('Content Calendar'!$E:$E,MATCH($B$3,'Content Calendar'!$A:$A,0)),"")
A6: Primary Keyword | B6: =IFERROR(INDEX('Content Calendar'!$F:$F,MATCH($B$3,'Content Calendar'!$A:$A,0)),"")
A7: Secondary Keywords | B7: =IFERROR(INDEX('Content Calendar'!$G:$G,MATCH($B$3,'Content Calendar'!$A:$A,0)),"")
A8: Search Intent | B8: =IFERROR(INDEX('Content Calendar'!$H:$H,MATCH($B$3,'Content Calendar'!$A:$A,0)),"")
A9: Primary Audience
A10: Audience Pain / Problem
A11: Core Answer / Promise
A12: SEO Title | B12: =IFERROR(INDEX('Content Calendar'!$K:$K,MATCH($B$3,'Content Calendar'!$A:$A,0)),"")
A13: Meta Description | B13: =IFERROR(INDEX('Content Calendar'!$M:$M,MATCH($B$3,'Content Calendar'!$A:$A,0)),"")
A14: Slug | B14: =IFERROR(INDEX('Content Calendar'!$O:$O,MATCH($B$3,'Content Calendar'!$A:$A,0)),"")
A15: H1 | B15: =IFERROR(INDEX('Content Calendar'!$P:$P,MATCH($B$3,'Content Calendar'!$A:$A,0)),"")
A16: H2 Structure | B16: =IFERROR(INDEX('Content Calendar'!$Q:$Q,MATCH($B$3,'Content Calendar'!$A:$A,0)),"")
A17: Internal Links | B17: =IFERROR(INDEX('Content Calendar'!$R:$R,MATCH($B$3,'Content Calendar'!$A:$A,0)),"")
A18: Required Sources | B18: =IFERROR(INDEX('Content Calendar'!$S:$S,MATCH($B$3,'Content Calendar'!$A:$A,0)),"")
A19: CTA | B19: =IFERROR(INDEX('Content Calendar'!$T:$T,MATCH($B$3,'Content Calendar'!$A:$A,0)),"")
A20: Differentiation Angle
A21: Real Shop-Floor Example
A22: Required Tables
A23: Required FAQs
A24: Claims Requiring Verification
A25: Editor Notes

Sheet Target Pages
A1: Target Pages & SEO Pillars
A2: Defines the preferred conversion/pillar destination for English content and helps avoid creating informational pages that compete directly with commercial pages. Assumes /en/ locale URLs.
A3: Type | B3: Page | C3: English URL | D3: SEO Role | E3: Core Keyword Themes | F3: Primary CTA | G3: Linked From Clusters | H3: Review Status
A4: Commercial Pillar | B4: Smart DNC Product | C4: /en/product | D4: Primary conversion page for hardware, connectivity, and controller compatibility | E4: DNC system, CNC program transfer device, Smart DNC | F4: Order / Consultation | G4: File transfer, controllers, networking, comparison | H4: Needs Review
A5: Commercial Pillar | B5: ElecIO Software | C5: /en/software | D5: Conversion page for program management, reporting, monitoring, and permissions | E5: DNC software, CNC program management, CNC monitoring | F5: Request Demo | G5: Program management, monitoring, reporting, security | H5: Needs Review
A6: Trust | B6: About | C6: /en/about | D6: Brand trust, manufacturing experience, and company credibility | E6: ElecIO, DNC company, CNC connectivity | F6: Learn About ElecIO | G6: Brand, case studies, technical references | H6: Needs Review
A7: Conversion | B7: Contact | C7: /en/contact | D7: Technical consultation, sales inquiry, and support conversion | E7: CNC consultation, DNC support, compatibility check | F7: Send Request | G7: Troubleshooting, decision-stage content | H7: Needs Review
A8: Informational Pillar | B8: Blog | C8: /en/blog | D8: Hub for all English informational clusters | E8: CNC guides, DNC, program transfer, machine monitoring | F8: Read Articles | G8: All clusters | H8: Needs Review
A9: Persona | B9: Business Owners | C9: /en/for/business-owners | D9: Economic value, downtime visibility, control, and ROI messaging | E9: CNC downtime, production visibility, shop efficiency | F9: Business Consultation | G9: Reporting, ROI, digitalization | H9: Needs Review
A10: Persona | B10: CNC Programmers | C10: /en/for/programmers | D10: Program-transfer, revision, compatibility, and file-management value | E10: CNC program transfer, DNC, RS232, program management | F10: Check Compatibility | G10: Controllers, transfer, program management | H10: Needs Review
A11: Persona | B11: CNC Operators | C11: /en/for/operators | D11: Daily workflow, correct-file access, faster transfer, fewer handling errors | E11: send CNC program, operator workflow, file errors | F11: See How It Works | G11: Tutorials, troubleshooting, security | H11: Needs Review

Sheet Internal Links
A1: Internal Linking Map
A2: Use anchors naturally and vary wording. Each article should link to the relevant pillar plus at least two genuinely related articles in the same or adjacent cluster.
A3: Source Cluster | B3: Destination Page / Cluster | C3: Destination URL | D3: Suggested Anchor 1 | E3: Suggested Anchor 2 | F3: Suggested Placement | G3: Link Goal | H3: Status
A4: CNC File Transfer & DNC | B4: Smart DNC Product | C4: /en/product | D4: Smart DNC system | E4: CNC program transfer solution | F4: After explaining transfer options | G4: Commercial conversion | H4: Not Reviewed
A5: CNC File Transfer & DNC | B5: DNC Software Guide | C5: /en/blog/dnc-software-for-cnc-machines | D5: DNC software for CNC machines | E5: DNC software selection guide | F5: Software / architecture section | G5: Topical depth | H5: Not Reviewed
A6: Program Management | B6: ElecIO Software | C6: /en/software | D6: CNC program management software | E6: centralized NC file management | F6: Solution section | G6: Commercial conversion | H6: Not Reviewed
A7: Software & Monitoring | B7: ElecIO Software | C7: /en/software | D7: CNC machine monitoring software | E7: ElecIO production dashboard | F7: After metrics / data section | G7: Commercial conversion | H7: Not Reviewed
A8: FANUC Controller | B8: FANUC Program Transfer | C8: /en/blog/fanuc-program-transfer | D8: FANUC program transfer | E8: transfer programs to FANUC CNC | F8: Controller setup section | G8: Topical depth | H8: Not Reviewed
A9: FANUC Controller | B9: RS232 File Transfer | C9: /en/blog/rs232-cnc-file-transfer | D9: RS232 CNC file transfer | E9: serial CNC program transfer | F9: Serial setup section | G9: Topical depth | H9: Not Reviewed
A10: HEIDENHAIN Controller | B10: HEIDENHAIN Program Transfer | C10: /en/blog/heidenhain-program-transfer | D10: HEIDENHAIN program transfer | E10: TNC file-transfer options | F10: Controller section | G10: Topical depth | H10: Not Reviewed
A11: Siemens Controller | B11: SINUMERIK Program Transfer | C11: /en/blog/sinumerik-program-transfer | D11: SINUMERIK program transfer | E11: Siemens CNC file transfer | F11: Controller section | G11: Topical depth | H11: Not Reviewed
A12: Security & Backup | B12: CNC Program Backup | C12: /en/blog/cnc-program-backup | D12: CNC program backup | E12: protect NC programs | F12: Security section | G12: Trust / education | H12: Not Reviewed
A13: Reporting & Productivity | B13: CNC Downtime Tracking | C13: /en/blog/cnc-downtime-tracking | D13: CNC downtime tracking | E13: track machine downtime | F13: Measurement section | G13: Topical depth | H13: Not Reviewed
A14: Troubleshooting | B14: Contact | C14: /en/contact | D14: request a technical review | E14: contact ElecIO technical team | F14: End of troubleshooting flow | G14: Support conversion | H14: Not Reviewed
... A16: Comparison & Selection | B16: CNC File Transfer Guide | C16: /en/blog/cnc-file-transfer-guide | D16: CNC file transfer guide | E16: CNC transfer methods | F16: After comparison context | G16: Reading path | H16: Not Reviewed

Sheet Quality Control
A1: Article Quality-Control Checklist
A2: Use this checklist for English ElecIO content. Articles should be useful, technically verifiable, structurally clear, and ready for publication—not written to satisfy keyword density.
A3: # | B3: Stage | C3: Required Check | D3: Pass Criteria | E3: Weight | F3: Status | G3: Owner | H3: Notes
A4: 1 | B4: Strategy | C4: Search intent | D4: The article directly answers the primary search need and matches the expected SERP intent. | E4: 5 | F4: Not Reviewed
A5: 2 | B5: Strategy | C5: No cannibalization | D5: The page does not duplicate the role of an existing commercial or informational page. | E5: 5 | F5: Not Reviewed
A6: 3 | B6: Research | C6: Source quality | D6: Controller details, protocols, compatibility, and product claims use official or verified sources. | E6: 5 | F6: Not Reviewed
A7: 4 | B7: Research | C7: No fabricated claims | D7: No statistics, prices, standards, compatibility claims, or technical specifications are invented. | E7: 5 | F7: Not Reviewed
A8: 5 | B8: Content | C8: Minimum useful depth | D8: At least 1,500 useful English words when the topic requires a full guide; no filler added only to reach length. | E8: 4 | F8: Not Reviewed
A9: 6 | B9: Content | C9: Natural English | D9: Professional, fluent English suitable for CNC programmers, operators, shop owners, and manufacturing engineers. | E9: 5 | F9: Not Reviewed
A10: 7 | B10: Content | C10: Introduction | D10: States the problem, answer, and article path quickly and clearly. | E10: 3 | F10: Not Reviewed
A11: 8 | B11: Structure | C11: Single H1 | D11: Exactly one strong H1 aligned with the primary topic. | E11: 5 | F11: Not Reviewed
A12: 9 | B12: Structure | C12: H2 / H3 logic | D12: Headings are searchable, non-repetitive, and follow a logical technical flow. | E12: 4 | F12: Not Reviewed
A13: 10 | B13: Structure | C13: Useful table | D13: A table is used only when it improves comparison, setup, troubleshooting, or decision-making. | E13: 3 | F13: Not Reviewed
A14: 11 | B14: Structure | C14: Practical example | D14: Includes a realistic CNC shop scenario, workflow, or configuration example. | E14: 4 | F14: Not Reviewed
A15: 12 | B15: Structure | C15: FAQ | D15: Includes real user questions with concise, useful answers. | E15: 4 | F15: Not Reviewed
... A31: 28 | B31: Post-publish | C31: Performance review | D31: A GSC review date is scheduled and the article is updated based on actual query data. | E31: 3 | F31: Not Reviewed

Sheet Content Prompt
A1: ElecIO English Content Production Prompt
A2: Adapted from the FA blog-production workflow for English B2B industrial SEO. Replace {{ }} variables from the Article Brief and verified technical sources.
A4: Role | B4: You are an expert English SEO writer and B2B industrial content strategist familiar with CNC machining, DNC, FANUC, Siemens SINUMERIK, HEIDENHAIN, Mitsubishi, Haas, RS232, Ethernet, machine monitoring, and CNC program management.
A5: Inputs | B5: Primary keyword: {{Primary Keyword}} Secondary keywords: {{Secondary Keywords}} Article title: {{Title}} Search intent: {{Intent}} Audience: {{Audience}} CTA: {{CTA}} Verified sources: {{Sources}}
A6: Goal | B6: Write a complete, useful, publication-ready English article for ElecIO that solves a real problem for CNC shop owners, programmers, operators, or manufacturing engineers. Write for humans first and avoid keyword stuffing.
A7: Accuracy Constraint | B7: Do not invent statistics, prices, standards, compatibility, controller parameters, protocols, or ElecIO product claims. Use official controller documentation and verified ElecIO documentation. If a detail is unavailable, label it as requiring technical confirmation.
A8: Length & Language | B8: For full guides, aim for at least 1,500 useful English words unless the search intent is better served by a shorter focused page. Avoid filler, robotic intros, and repeated keyword phrases.
A9: Structure | B9: Use one strong H1, a short introduction, searchable H2s, H3s for steps/examples/errors, useful tables only when they improve understanding, a practical CNC shop example, implementation tips, real FAQs, and a decision-oriented conclusion.
A10: SEO Metadata | B10: At the beginning provide: SEO Title, Meta Description, suggested English slug, Focus Keyword, Secondary Keywords, suggested category, and a limited set of relevant tags.
A11: Internal Linking | B11: Suggest internal links as [Internal link suggestion: anchor — URL] only where natural. Include at least one relevant pillar link and two related cluster articles. External links should be authoritative and genuinely useful.
A12: No Images | B12: Do not create images, image placeholders, image-placement suggestions, captions, or alt text unless specifically requested in a separate task.
A13: Word Output | B13: If a Word file is requested: no header or footer, use proper heading styles, readable spacing, clean paragraphs, standard lists, and professional tables.
A14: Final Check | B14: Before delivery verify intent coverage, factual support, source quality, useful depth, heading structure, natural keyword use, metadata, FAQs, conclusion, internal links, CTA, and absence of fabricated claims.
A15: Output Order | B15: 1) SEO metadata 2) H1 3) Introduction 4) Body with H2/H3 5) Useful table/checklist 6) FAQ 7) Conclusion + CTA 8) Suggested internal/external links
